"NCodeItem","n1970en"
"NCodeItem","n8031dd"
"NCodeItem","n4640cp"
"NCodeItem","n3941dc"
"NCodeItem","n6486cu"
"NCodeItem","n9770dj"
"NCodeItem","n1337cn"
"NCodeItem","n7919da"
"NCodeItem","n0479cs"
"NCodeItem","n9261cp"
"NCodeItem","n4221co"
"NCodeItem","n4344dy"
"NCodeItem","n9565dj"
"NCodeItem","n4456eu"
"NCodeItem","n5653eh"
"NCodeItem","n3476dq"
"NCodeItem","n0574dt"
"NCodeItem","n8858co"
"NCodeItem","n3299dw"
"NCodeItem","n8312de"
"NCodeItem","n7398en"
"NCodeItem","n9863da"
"NCodeItem","n8727cw"
"NCodeItem","n2981dz"
"NCodeItem","n8151ek"
"NCodeItem","n7352ct"
"NCodeItem","n5658cp"
"NCodeItem","n0550cp"
"NCodeItem","n6970df"
"NCodeItem","n7566eg"
"NCodeItem","n2701bz"
"NCodeItem","n0876u"
"NCodeItem","n0892bi"
"NCodeItem","n9551ee"
"NCodeItem","n8974er"
"NCodeItem","n6099cc"
"NCodeItem","n0065cq"
"NCodeItem","n8759cq"
"NCodeItem","n2219ci"
"NCodeItem","n7226dp"
"NCodeItem","n3547eg"
"NCodeItem","n8764dy"
"NCodeItem","n6995dp"
"NCodeItem","n1854dw"
"NCodeItem","n7594ct"
"NCodeItem","n2730cu"
"NCodeItem","n3107et"
"NCodeItem","n2267be"
"NCodeItem","n9394dp"
"NCodeItem","n2611bq"
"NCodeItem","n0262bo"
"NCodeItem","n8691bi"
"NCodeItem","n1272bf"
"NCodeItem","n9881bd"
"NCodeItem","n0955el"
"NCodeItem","n1212ed"
"NCodeItem","n5956ei"
"NCodeItem","n4842dp"
"NCodeItem","n7932dt"
"NCodeItem","n4240dm"
"NCodeItem","n6451dj"
"NCodeItem","n4251cr"
"NCodeItem","n1077eb"
"NCodeItem","n3765dp"
"NCodeItem","n1161ds"
"NCodeItem","n3615dj"
"NCodeItem","n9038dg"
"NCodeItem","n3777dd"
"NCodeItem","n7194da"
"NCodeItem","n9669bk"
"NCodeItem","n1875cl"
"NCodeItem","n4045ed"
"NCodeItem","n4679do"
"NCodeItem","n3421dr"
"NCodeItem","n5915da"
"NCodeItem","n7609dc"
"NCodeItem","n2478du"
"NCodeItem","n6375cq"
"NCodeItem","n4807cl"
"NCodeItem","n5468du"
"NCodeItem","n7374dz"
"NCodeItem","n5691dd"
"NCodeItem","n0185dv"
"NCodeItem","n2219w"
"NCodeItem","n7835cj"
"NCodeItem","n4750dy"
"NCodeItem","n4099cd"
"NCodeItem","n4830bu"
"NCodeItem","n2534du"
"NCodeItem","n9402ce"
"NCodeItem","n3903bu"
"NCodeItem","n3565bu"
"NCodeItem","n1592db"
"NCodeItem","n4698cv"
"NCodeItem","n1354dw"
"NCodeItem","n0003ct"
"NCodeItem","n3958cu"
"NCodeItem","n1705ct"
"NCodeItem","n3647cs"
"NCodeItem","n2224dv"
"NCodeItem","n9545er"
"NCodeItem","n9686ek"
"NCodeItem","n2964cz"
"NCodeItem","n7571ea"
"NCodeItem","n7767dn"
"NCodeItem","n6749ds"
"NCodeItem","n1058dd"
"NCodeItem","n1705dq"
"NCodeItem","n9488db"
"NCodeItem","n7975cr"
"NCodeItem","n5117eu"
"NCodeItem","n0380ei"
"NCodeItem","n8791ea"
"NCodeItem","n9947dv"
"NCodeItem","n1069dk"
"NCodeItem","n5375cy"
"NCodeItem","n4974dc"
"NCodeItem","n8660db"
"NCodeItem","n5372dl"
"NCodeItem","n0332ct"
"NCodeItem","n9160bs"
"NCodeItem","n1957bp"
"NCodeItem","n9673bn"
"NCodeItem","n8276da"
"NCodeItem","n5840ci"
"NCodeItem","n9602cp"
"NCodeItem","n8515dc"
"NCodeItem","n3731ej"
"NCodeItem","n5156ef"
"NCodeItem","n8429cc"
"NCodeItem","n7853cv"
"NCodeItem","n5500co"
"NCodeItem","n1854cj"
"NCodeItem","n6781dp"
"NCodeItem","n0348bn"
"NCodeItem","n3307cj"
"NCodeItem","n5017ch"
"NCodeItem","n9840cb"
"NCodeItem","n3112ca"
"NCodeItem","n2146el"
"NCodeItem","n0031em"
"NCodeItem","n8966el"
"NCodeItem","n4152bv"
"NCodeItem","n2785bj"
"NCodeItem","n0578bf"
"NCodeItem","n3938bc"
"NCodeItem","n5550eq"
"NCodeItem","n5314ds"
"NCodeItem","n6247cr"
"NCodeItem","n7735eg"
"NCodeItem","n2212dd"
"NCodeItem","n6062cp"
"NCodeItem","n8974dt"
"NCodeItem","n6819da"
"NCodeItem","n3594dc"
"NCodeItem","n7650er"
"NCodeItem","n7346dt"
"NCodeItem","n6022cs"
"NCodeItem","n3104eq"
"NCodeItem","n6064eh"
"NCodeItem","n6248ek"
"NCodeItem","n2203ef"
"NCodeItem","n1170eg"
"NCodeItem","n8577ed"
"NCodeItem","n8710du"
"NCodeItem","n1445cr"
"NCodeItem","n3936bu"
"NCodeItem","n8479bu"
"NCodeItem","n0002ei"
"NCodeItem","n0016ei"
"NCodeItem","n6249du"
"NCodeItem","n9452cc"
"NCodeItem","n8922dj"
"NCodeItem","n2272cg"
"NCodeItem","n7642y"
"NCodeItem","n0266cp"
"NCodeItem","n4237dn"
"NCodeItem","n0634bk"
"NCodeItem","n8642bk"
"NCodeItem","n3593y"
"NCodeItem","n0603dh"
"NCodeItem","n7296db"
"NCodeItem","n1425ea"
"NCodeItem","n9369df"
"NCodeItem","n9116cr"
"NCodeItem","n5577es"
"NCodeItem","n8731er"
"NCodeItem","n5056er"
"NCodeItem","n6486ek"
"NCodeItem","n1530ep"
"NCodeItem","n6002ek"
"NCodeItem","n2568ek"
"NCodeItem","n7152ej"
"NCodeItem","n4998ej"
"NCodeItem","n4962ej"
"NCodeItem","n4774dz"
"NCodeItem","n7305ec"
"NCodeItem","n2193dn"
"NCodeItem","n6475dy"
"NCodeItem","n8701dj"
"NCodeItem","n0018dq"
"NCodeItem","n2263dm"
"NCodeItem","n5051ct"
"NCodeItem","n4083ct"
"NCodeItem","n8608cw"
"NCodeItem","n7511ek"
"NCodeItem","n9336ec"
"NCodeItem","n9197en"
"NCodeItem","n9752ej"
"NCodeItem","n5660es"
"NCodeItem","n0922dp"
"NCodeItem","n3632dp"
"NCodeItem","n3706dr"
"NCodeItem","n0552eb"
"NCodeItem","n3617ev"
"NCodeItem","n4823do"
"NCodeItem","n7635ek"
"NCodeItem","n8921dv"
"NCodeItem","n4231ck"
"NCodeItem","n5856eq"
"NCodeItem","n2577eo"
"NCodeItem","n0133ec"
"NCodeItem","n1109dj"
"NCodeItem","n8514cy"
"NCodeItem","n4503cx"
"NCodeItem","n7709cn"
"NCodeItem","n9808el"
"NCodeItem","n1061ep"
"NCodeItem","n1067em"
"NCodeItem","n7944ee"
"NCodeItem","n9764dc"
"NCodeItem","n6058dp"
"NCodeItem","n2042dn"
"NCodeItem","n0191dm"
"NCodeItem","n1591dl"
"NCodeItem","n1152db"
"NCodeItem","n1478dr"
"NCodeItem","n0418dq"
"NCodeItem","n5216dd"
"NCodeItem","n1090dd"
"NCodeItem","n1857dc"
"NCodeItem","n2266cx"
"NCodeItem","n8343bw"
"NCodeItem","n0605cm"
"NCodeItem","n7456bq"
"NCodeItem","n7028bi"
"NCodeItem","n6470bm"
"NCodeItem","n3654cm"
"NCodeItem","n7335er"
"NCodeItem","n2844er"
"NCodeItem","n4375ep"
"NCodeItem","n7204ep"
"NCodeItem","n6412eo"
"NCodeItem","n4074en"
"NCodeItem","n6933en"
"NCodeItem","n5074el"
"NCodeItem","n6901eh"
"NCodeItem","n3332eh"
"NCodeItem","n8786cs"
"NCodeItem","n4481cd"
"NCodeItem","n0696cd"
"NCodeItem","n1243cj"
"NCodeItem","n9036cd"
"NCodeItem","n5571cf"
"NCodeItem","n3180bq"
"NCodeItem","n5196cd"
"NCodeItem","n1734bt"
"NCodeItem","n8545br"
"NCodeItem","n6796bq"
"NCodeItem","n1055bq"
"NCodeItem","n8622cr"
"NCodeItem","n9054cr"
"NCodeItem","n5966bh"
"NCodeItem","n8660ca"
"NCodeItem","n9524bj"
"NCodeItem","n4217bj"
"NCodeItem","n8613bh"
"NCodeItem","n1457bh"
"NCodeItem","n0712bg"
"NCodeItem","n5657bf"
"NCodeItem","n8276k"
"NCodeItem","n3834dq"
"NCodeItem","n8269k"
"NCodeItem","n6743de"
"NCodeItem","n5397bw"
"NCodeItem","n4496cx"
"NCodeItem","n8766ba"
"NCodeItem","n8433cn"
"NCodeItem","n5610cn"
"NCodeItem","n1369bl"
"NCodeItem","n1048dt"
"NCodeItem","n0972ds"
"NCodeItem","n3377dn"
"NCodeItem","n2396dk"
"NCodeItem","n0606dk"
"NCodeItem","n9145dj"
"NCodeItem","n4884dg"
"NCodeItem","n8999bp"
"NCodeItem","n2213cv"
"NCodeItem","n6713bn"
"NCodeItem","n1441bf"
"NCodeItem","n1365bf"
"NCodeItem","n2505ck"
"NCodeItem","n5230ce"
"NCodeItem","n3914bx"
"NCodeItem","n6183bv"
"NCodeItem","n8322bw"
"NCodeItem","n2738bq"
"NCodeItem","n8583dy"
"NCodeItem","n2781ep"
"NCodeItem","n6687ds"
"NCodeItem","n4708dm"
"NCodeItem","n6119dl"
"NCodeItem","n4198dl"
"NCodeItem","n4590ds"
"NCodeItem","n2390bx"
"NCodeItem","n1550cm"
"NCodeItem","n2935bo"
"NCodeItem","n1985cd"
"NCodeItem","n2795bx"
"NCodeItem","n5375bw"
"NCodeItem","n0943bm"
"NCodeItem","n4287bf"
"NCodeItem","n9242ek"
"NCodeItem","n9776bp"
"NCodeItem","n1481cw"
"NCodeItem","n5244ea"
"NCodeItem","n7608dz"
"NCodeItem","n9815cz"
"NCodeItem","n4613bm"
"NCodeItem","n7948bp"
"NCodeItem","n1343bp"
"NCodeItem","n4655bm"
"NCodeItem","n6748dh"
"NCodeItem","n4156dh"
"NCodeItem","n6299dg"
"NCodeItem","n8477df"
"NCodeItem","n2665df"
"NCodeItem","n2124cy"
"NCodeItem","n2083cy"
"NCodeItem","n2954bd"
"NCodeItem","n4508ba"
"NCodeItem","n3850ba"
"NCodeItem","n3649ev"
"NCodeItem","n4426ea"
"NCodeItem","n9455dz"
"NCodeItem","n8111dz"
"NCodeItem","n3633dy"
"NCodeItem","n9451dx"
"NCodeItem","n3086dv"
"NCodeItem","n7261dt"
"NCodeItem","n3552dk"
"NCodeItem","n3187dj"
"NCodeItem","n1462ev"
"NCodeItem","n8623em"
"NCodeItem","n4520er"
"NCodeItem","n0462eq"
"NCodeItem","n1723en"
"NCodeItem","n2365ek"
"NCodeItem","n2261bf"
"NCodeItem","n5552be"
"NCodeItem","n0121ba"
"NCodeItem","n6339bb"
"NCodeItem","n6336bb"
"NCodeItem","n6037z"
"NCodeItem","n3273w"
"NCodeItem","n9343x"
"NCodeItem","n9342x"
"NCodeItem","n4712w"
"NCodeItem","n4641bs"
"NCodeItem","n2240cb"
"NCodeItem","n1121bx"
"NCodeItem","n3439bv"
"NCodeItem","n4840o"
"NCodeItem","n8106k"
"NCodeItem","n6957bs"
"NCodeItem","n8774ba"
"NCodeItem","n1947bk"
"NCodeItem","n2289bf"
"NCodeItem","n8379dd"
"NCodeItem","n0362es"
"NCodeItem","n6474ep"
"NCodeItem","n5972ek"
"NCodeItem","n0227ek"
"NCodeItem","n8559ej"
"NCodeItem","n1239ek"
"NCodeItem","n0345eo"
"NCodeItem","n9286en"
"NCodeItem","n9762em"
"NCodeItem","n8281ej"
"NCodeItem","n4544bm"
"NCodeItem","n4459bm"
"NCodeItem","n4422bm"
"NCodeItem","n4272bm"
"NCodeItem","n4245bm"
"NCodeItem","n6561bu"
"NCodeItem","n4252ck"
"NCodeItem","n0650ca"
"NCodeItem","n0446bt"
"NCodeItem","n3520bo"
"NCodeItem","n3638br"
"NCodeItem","n1057bq"
"NCodeItem","n0694bm"
"NCodeItem","n2991bi"
"NCodeItem","n6952bh"
"NCodeItem","n4153p"
"NCodeItem","n1561n"
"NCodeItem","n8908l"
"NCodeItem","n1023m"
"NCodeItem","n7960ct"
"NCodeItem","n6954ei"
"NCodeItem","n4236dr"
"NCodeItem","n3909db"
"NCodeItem","n9253ei"
"NCodeItem","n3003ct"
"NCodeItem","n0204cs"
"NCodeItem","n3808w"
"NCodeItem","n1528w"
"NCodeItem","n0892w"
"NCodeItem","n0171w"
"NCodeItem","n9059v"
"NCodeItem","n7301v"
"NCodeItem","n6133v"
"NCodeItem","n5048v"
"NCodeItem","n3946v"
"NCodeItem","n0663v"
"NCodeItem","n9534be"
"NCodeItem","n0153s"
"NCodeItem","n8280k"
"NCodeItem","n8100k"
"NCodeItem","n8917k"
"NCodeItem","n8779k"
"NCodeItem","n8272k"
"NCodeItem","n8266k"
"NCodeItem","n0306db"
"NCodeItem","n5755ek"
"NCodeItem","n5495dz"
"NCodeItem","n0768dr"
"NCodeItem","n3165cd"
"NCodeItem","n5108dk"
"NCodeItem","n9654de"
"NCodeItem","n2211cs"
"NCodeItem","n4818cd"
"NCodeItem","n5189ec"
"NCodeItem","n1292r"
"NCodeItem","n9951q"
"NCodeItem","n6868bu"
"NCodeItem","n0170r"
"NCodeItem","n1646bg"
"NCodeItem","n9660q"
"NCodeItem","n1911r"
"NCodeItem","n1705r"
"NCodeItem","n1536r"
"NCodeItem","n6943es"
"NCodeItem","n0289es"
"NCodeItem","n6416ei"
"NCodeItem","n3134ec"
"NCodeItem","n8400ea"
"NCodeItem","n5055dz"
"NCodeItem","n9308dx"
"NCodeItem","n0712dv"
"NCodeItem","n4824dv"
"NCodeItem","n3548du"
"NCodeItem","n4533bl"
"NCodeItem","n4720bb"
"NCodeItem","n3480bb"
"NCodeItem","n5161bk"
"NCodeItem","n0766bk"
"NCodeItem","n5420bc"
"NCodeItem","n4882en"
"NCodeItem","n1367dq"
"NCodeItem","n2604ev"
"NCodeItem","n3834dp"
"NCodeItem","n3915dt"
"NCodeItem","n7761dr"
"NCodeItem","n8643eq"
"NCodeItem","n7646ej"
"NCodeItem","n0826dn"
"NCodeItem","n3964dh"
"NCodeItem","n1183cq"
"NCodeItem","n8834cv"
"NCodeItem","n2220cx"
"NCodeItem","n0191cw"
"NCodeItem","n2396cu"
"NCodeItem","n8924co"
"NCodeItem","n5125cr"
"NCodeItem","n9530cp"
"NCodeItem","n4594bt"
"NCodeItem","n8035dl"
"NCodeItem","n7086bv"
"NCodeItem","n5793db"
"NCodeItem","n2189cn"
"NCodeItem","n9605cl"
"NCodeItem","n5523cl"
"NCodeItem","n1437cd"
"NCodeItem","n6711bt"
"NCodeItem","n6402bt"
"NCodeItem","n3300v"
"NCodeItem","n1775v"
"NCodeItem","n1665v"
"NCodeItem","n0428v"
"NCodeItem","n0384v"
"NCodeItem","n9755u"
"NCodeItem","n9668u"
"NCodeItem","n8616u"
"NCodeItem","n7611dt"
"NCodeItem","n1128dt"
"NCodeItem","n5946ds"
"NCodeItem","n8043df"
"NCodeItem","n9845dr"
"NCodeItem","n7366dr"
"NCodeItem","n8073dq"
"NCodeItem","n5614dp"
"NCodeItem","n1385dp"
"NCodeItem","n8936dm"
"NCodeItem","n4497q"
"NCodeItem","n5815v"
"NCodeItem","n4771j"
"NCodeItem","n9021i"
"NCodeItem","n6112h"
"NCodeItem","n4552do"
"NCodeItem","n5723dn"
"NCodeItem","n8071db"
"NCodeItem","n5442bn"
"NCodeItem","n9712dh"
"NCodeItem","n5262bn"
"NCodeItem","n3439by"
"NCodeItem","n7013cy"
"NCodeItem","n4602cu"
"NCodeItem","n6824cp"
"NCodeItem","n3041ej"
"NCodeItem","n6954di"
"NCodeItem","n3760eh"
"NCodeItem","n0016eb"
"NCodeItem","n7559du"
"NCodeItem","n1112ed"
"NCodeItem","n6078ea"
"NCodeItem","n5127dh"
"NCodeItem","n8707dv"
"NCodeItem","n3674dn"
"NCodeItem","n7817ep"
"NCodeItem","n2905ep"
"NCodeItem","n5784dn"
"NCodeItem","n9454dj"
"NCodeItem","n4849bk"
"NCodeItem","n1225cm"
"NCodeItem","n6254cl"
"NCodeItem","n2039be"
"NCodeItem","n2708bx"
"NCodeItem","n9976y"
"NCodeItem","n1732ek"
"NCodeItem","n0733ek"
"NCodeItem","n9902ej"
"NCodeItem","n8307ej"
"NCodeItem","n7288ej"
"NCodeItem","n6460ej"
"NCodeItem","n3686dz"
"NCodeItem","n4379ds"
"NCodeItem","n2047dr"
"NCodeItem","n1576dq"
"NCodeItem","n8368es"
"NCodeItem","n6907eg"
"NCodeItem","n7532es"
"NCodeItem","n4807ej"
"NCodeItem","n2972ep"
"NCodeItem","n2364el"
"NCodeItem","n0287ei"
"NCodeItem","n2792eh"
"NCodeItem","n4321ea"
"NCodeItem","n7889ec"
"NCodeItem","n0549cy"
"NCodeItem","n9309cw"
"NCodeItem","n8708cw"
"NCodeItem","n2432bz"
"NCodeItem","n7641cv"
"NCodeItem","n9093ct"
"NCodeItem","n8947cp"
"NCodeItem","n8591co"
"NCodeItem","n9687by"
"NCodeItem","n7646ef"
"NCodeItem","n7909ef"
"NCodeItem","n2651de"
"NCodeItem","n6875dr"
"NCodeItem","n6601dr"
"NCodeItem","n7682dp"
"NCodeItem","n7801de"
"NCodeItem","n5911de"
"NCodeItem","n2911de"
"NCodeItem","n1691en"
"NCodeItem","n8463eb"
"NCodeItem","n9321ef"
"NCodeItem","n6238ef"
"NCodeItem","n6548dz"
"NCodeItem","n4205dt"
"NCodeItem","n4516dd"
"NCodeItem","n4428da"
"NCodeItem","n7796cz"
"NCodeItem","n8793cw"
"NCodeItem","n8083df"
"NCodeItem","n4049dd"
"NCodeItem","n1128dj"
"NCodeItem","n4596db"
"NCodeItem","n9359da"
"NCodeItem","n6776ce"
"NCodeItem","n5852dk"
"NCodeItem","n7655di"
"NCodeItem","n0401ct"
"NCodeItem","n6554cq"
"NCodeItem","n0575cq"
"NCodeItem","n6855cl"
"NCodeItem","n8411cd"
"NCodeItem","n3015cj"
"NCodeItem","n1364ch"
"NCodeItem","n5259cf"
"NCodeItem","n6197dm"
"NCodeItem","n1257dm"
"NCodeItem","n4857dj"
"NCodeItem","n4271de"
"NCodeItem","n1770dd"
"NCodeItem","n7155dc"
"NCodeItem","n7209db"
"NCodeItem","n7811co"
"NCodeItem","n5743cu"
"NCodeItem","n2312cr"
"NCodeItem","n0680cp"
"NCodeItem","n9064co"
"NCodeItem","n2777bn"
"NCodeItem","n3881cf"
"NCodeItem","n4219cd"
"NCodeItem","n2930cd"
"NCodeItem","n1286cd"
"NCodeItem","n5169bw"
"NCodeItem","n7518bt"
"NCodeItem","n5051bn"
"NCodeItem","n8663bv"
"NCodeItem","n5583cc"
"NCodeItem","n6041bb"
"NCodeItem","n8660bv"
"NCodeItem","n4444bv"
"NCodeItem","n0019bv"
"NCodeItem","n5110du"
"NCodeItem","n5380do"
"NCodeItem","n2460dk"
"NCodeItem","n3719dr"
"NCodeItem","n9839dq"
"NCodeItem","n4580dm"
"NCodeItem","n7683dl"
"NCodeItem","n1149dl"
"NCodeItem","n7779dh"
"NCodeItem","n8705dh"
"NCodeItem","n9841bd"
"NCodeItem","n2496bb"
"NCodeItem","n7485u"
"NCodeItem","n1846t"
"NCodeItem","n1759s"
"NCodeItem","n7382q"
"NCodeItem","n0480dq"
"NCodeItem","n9046dp"
"NCodeItem","n3702ea"
"NCodeItem","n1831ea"
"NCodeItem","n1523ea"
"NCodeItem","n1341ea"
"NCodeItem","n1114ea"
"NCodeItem","n8530dv"
"NCodeItem","n3256eo"
"NCodeItem","n5011eg"
"NCodeItem","n9795dg"
"NCodeItem","n1429dt"
"NCodeItem","n7078db"
"NCodeItem","n5760cw"
"NCodeItem","n2694cw"
"NCodeItem","n2749dp"
"NCodeItem","n0027dl"
"NCodeItem","n4656ee"
"NCodeItem","n2285ec"
"NCodeItem","n1918eb"
"NCodeItem","n2122dz"
"NCodeItem","n8872ds"
"NCodeItem","n1246ds"
"NCodeItem","n5745dp"
"NCodeItem","n5985dn"
"NCodeItem","n4558ep"
"NCodeItem","n2010er"
"NCodeItem","n3201dc"
"NCodeItem","n0769eq"
"NCodeItem","n4472ep"
"NCodeItem","n6073do"
"NCodeItem","n2882ei"
"NCodeItem","n1061dg"
"NCodeItem","n1320dc"
"NCodeItem","n5955cw"
"NCodeItem","n4633cv"
"NCodeItem","n5064cs"
"NCodeItem","n6970x"
"NCodeItem","n1564v"
"NCodeItem","n1262v"
"NCodeItem","n1150v"
"NCodeItem","n0932v"
"NCodeItem","n1978cf"
"NCodeItem","n9252ce"
"NCodeItem","n6100ce"
"NCodeItem","n5685ce"
"NCodeItem","n4032ce"
"NCodeItem","n3700ce"
"NCodeItem","n2948ce"
"NCodeItem","n2593ce"
"NCodeItem","n7117cn"
"NCodeItem","n9558ci"
"NCodeItem","n1159bj"
"NCodeItem","n4762z"
"NCodeItem","n2806ba"
"NCodeItem","n2044ba"
"NCodeItem","n9369c"
"NCodeItem","n7251d"
"NCodeItem","n7075c"
"NCodeItem","n3129c"
"NCodeItem","n5611c"
"NCodeItem","n6342c"
"NCodeItem","n4802bn"
"NCodeItem","n6630dh"
"NCodeItem","n1219dh"
"NCodeItem","n7924df"
"NCodeItem","n3576dh"
"NCodeItem","n9232dg"
"NCodeItem","n5712df"
"NCodeItem","n2909df"
"NCodeItem","n2240df"
"NCodeItem","n1366df"
"NCodeItem","n0639df"
"NCodeItem","n5989eg"
"NCodeItem","n4145ea"
"NCodeItem","n6956dz"
"NCodeItem","n6448dx"
"NCodeItem","n3986dw"
"NCodeItem","n3408dw"
"NCodeItem","n9827dh"
"NCodeItem","n0080cz"
"NCodeItem","n7263cn"
"NCodeItem","n0020ci"
"NCodeItem","n5752ek"
"NCodeItem","n0291eb"
"NCodeItem","n9113ea"
"NCodeItem","n3596ea"
"NCodeItem","n1926ea"
"NCodeItem","n0433do"
"NCodeItem","n1528du"
"NCodeItem","n8709dt"
"NCodeItem","n8634dn"
"NCodeItem","n7166dn"
"NCodeItem","n2609cy"
"NCodeItem","n4645dn"
"NCodeItem","n8349dm"
"NCodeItem","n9697dl"
"NCodeItem","n5552dl"
"NCodeItem","n5562dc"
"NCodeItem","n5811di"
"NCodeItem","n5092di"
"NCodeItem","n4904di"
"NCodeItem","n4790dg"
"NCodeItem","n2322er"
"NCodeItem","n7515cu"
"NCodeItem","n1095cu"
"NCodeItem","n8324bz"
"NCodeItem","n6026by"
"NCodeItem","n2826ek"
"NCodeItem","n3124cj"
"NCodeItem","n8769ei"
"NCodeItem","n0754ei"
"NCodeItem","n8768ch"
"NCodeItem","n1520ea"
"NCodeItem","n2671dg"
"NCodeItem","n0738dg"
"NCodeItem","n8277db"
"NCodeItem","n0523cu"
"NCodeItem","n7474de"
"NCodeItem","n7500es"
"NCodeItem","n7959ei"
"NCodeItem","n9162er"
"NCodeItem","n6646er"
"NCodeItem","n4091er"
"NCodeItem","n1225er"
"NCodeItem","n6105em"
"NCodeItem","n2312ej"
"NCodeItem","n7750ei"
"NCodeItem","n6111ei"
"NCodeItem","n3383eu"
"NCodeItem","n0646eo"
"NCodeItem","n7321dr"
"NCodeItem","n3297db"
"NCodeItem","n1004bt"
"NCodeItem","n3747cn"
"NCodeItem","n5340ed"
"NCodeItem","n2578eu"
"NCodeItem","n3475ec"
"NCodeItem","n5783dx"
"NCodeItem","n2985eb"
"NCodeItem","n9752k"
"NCodeItem","n2553f"
"NCodeItem","n3929c"
"NCodeItem","n9577c"
"NCodeItem","n7791c"
"NCodeItem","n5632cf"
"NCodeItem","n3148cg"
"NCodeItem","n2842cf"
"NCodeItem","n9576bv"
"NCodeItem","n5405cy"
"NCodeItem","n1808dd"
"NCodeItem","n0619cs"
"NCodeItem","n8555da"
"NCodeItem","n5131da"
"NCodeItem","n1274da"
"NCodeItem","n2732cz"
"NCodeItem","n1257cy"
"NCodeItem","n8816co"
"NCodeItem","n7295cw"
"NCodeItem","n5825db"
"NCodeItem","n4075db"
"NCodeItem","n1738db"
"NCodeItem","n5135da"
"NCodeItem","n1331da"
"NCodeItem","n0622da"
"NCodeItem","n9375cz"
"NCodeItem","n8170cz"
"NCodeItem","n6343cz"
"NCodeItem","n9953cy"
"NCodeItem","n9138em"
"NCodeItem","n4746dx"
"NCodeItem","n8279dh"
"NCodeItem","n6107cx"
"NCodeItem","n1070co"
"NCodeItem","n2454ch"
"NCodeItem","n9964cg"
"NCodeItem","n5297cf"
"NCodeItem","n7218ce"
"NCodeItem","n1642ce"
"NCodeItem","n2000ca"
"NCodeItem","n3233cd"
"NCodeItem","n3325ch"
"NCodeItem","n9072ca"
"NCodeItem","n3590ca"
"NCodeItem","n8087bu"
"NCodeItem","n1730bz"
"NCodeItem","n6736bu"
"NCodeItem","n7766bt"
"NCodeItem","n3230bu"
"NCodeItem","n1195cl"
"NCodeItem","n1880bt"
"NCodeItem","n1085cf"
"NCodeItem","n6055by"
"NCodeItem","n0521bt"
"NCodeItem","n0203bh"
"NCodeItem","n2573bp"
"NCodeItem","n3589s"
"NCodeItem","n6872dc"
"NCodeItem","n7391dr"
"NCodeItem","n7196cq"
"NCodeItem","n6937dg"
"NCodeItem","n5485dc"
"NCodeItem","n1653db"
"NCodeItem","n2064cz"
"NCodeItem","n8777cu"
"NCodeItem","n6543cr"
"NCodeItem","n9891dq"
"NCodeItem","n7210cz"
"NCodeItem","n5591cu"
"NCodeItem","n3378cp"
"NCodeItem","n6133cj"
"NCodeItem","n1156bs"
"NCodeItem","n5351bk"
"NCodeItem","n6447bs"
"NCodeItem","n8083bp"
"NCodeItem","n3599bo"
"NCodeItem","n1044ct"
"NCodeItem","n0012cf"
"NCodeItem","n7968ce"
"NCodeItem","n7458cs"
"NCodeItem","n4500cs"
"NCodeItem","n7568cr"
"NCodeItem","n6159cr"
"NCodeItem","n5730cr"
"NCodeItem","n5196cr"
"NCodeItem","n5895cq"
"NCodeItem","n6781co"
"NCodeItem","n6274bl"
"NCodeItem","n9947cy"
"NCodeItem","n6602cy"
"NCodeItem","n5549cy"
"NCodeItem","n3869cy"
"NCodeItem","n8809cs"
"NCodeItem","n3706cs"
"NCodeItem","n3700cs"
"NCodeItem","n0677cn"
"NCodeItem","n0869e"
"NCodeItem","n2521h"
"NCodeItem","n2052q"
"NCodeItem","n0070f"
"NCodeItem","n1209g"
"NCodeItem","n4845i"
"NCodeItem","n2083l"
"NCodeItem","n8387h"
"NCodeItem","n7711d"
"NCodeItem","n0612cd"
"NCodeItem","n4423cb"
"NCodeItem","n2041cb"
"NCodeItem","n2102bz"
"NCodeItem","n8889bv"
"NCodeItem","n1594cq"
"NCodeItem","n5026cq"
"NCodeItem","n7021cr"
"NCodeItem","n2036cx"
"NCodeItem","n8665cw"
"NCodeItem","n4658cw"
"NCodeItem","n1695cu"
"NCodeItem","n1446bt"
"NCodeItem","n8007bq"
"NCodeItem","n9703bo"
"NCodeItem","n9388bn"
"NCodeItem","n7911bn"
"NCodeItem","n1081bd"
"NCodeItem","n2483bj"
"NCodeItem","n7385bi"
"NCodeItem","n3926bd"
"NCodeItem","n4092bi"
"NCodeItem","n5360bh"
"NCodeItem","n5556es"
"NCodeItem","n2911dl"
"NCodeItem","n9657dk"
"NCodeItem","n8618dg"
"NCodeItem","n6103cj"
"NCodeItem","n3668bv"
"NCodeItem","n7785by"
"NCodeItem","n1727bv"
"NCodeItem","n5476bs"
"NCodeItem","n0088bi"
"NCodeItem","n5242ep"
"NCodeItem","n4622eq"
"NCodeItem","n0484eo"
"NCodeItem","n4184ei"
"NCodeItem","n1719ej"
"NCodeItem","n4420dt"
"NCodeItem","n5099eq"
"NCodeItem","n0170eo"
"NCodeItem","n5372dv"
"NCodeItem","n7367ei"
"NCodeItem","n3210eh"
"NCodeItem","n8879ee"
"NCodeItem","n8261ed"
"NCodeItem","n7164ek"
"NCodeItem","n5625cs"
"NCodeItem","n6266dk"
"NCodeItem","n3447dh"
"NCodeItem","n2033cx"
"NCodeItem","n0491ds"
"NCodeItem","n5996eo"
"NCodeItem","n5550eo"
"NCodeItem","n3943eo"
"NCodeItem","n1164eo"
"NCodeItem","n4584cz"
"NCodeItem","n9006cw"
"NCodeItem","n5611cv"
"NCodeItem","n2376cu"
"NCodeItem","n3077cr"
"NCodeItem","n5105cn"
"NCodeItem","n0658dp"
"NCodeItem","n4322di"
"NCodeItem","n5287cr"
"NCodeItem","n3714dg"
"NCodeItem","n9276el"
"NCodeItem","n3299ee"
"NCodeItem","n5210ed"
"NCodeItem","n2924da"
"NCodeItem","n6551dw"
"NCodeItem","n8607dq"
"NCodeItem","n9576da"
"NCodeItem","n5264dh"
"NCodeItem","n6088cr"
"NCodeItem","n8644er"
"NCodeItem","n5911ef"
"NCodeItem","n1492dg"
"NCodeItem","n9742du"
"NCodeItem","n8838du"
"NCodeItem","n6180du"
"NCodeItem","n6160du"
"NCodeItem","n6198bd"
"NCodeItem","n4709bc"
"NCodeItem","n1889bp"
"NCodeItem","n1905m"
"NCodeItem","n3365ba"
"NCodeItem","n6904t"
"NCodeItem","n6202s"
"NCodeItem","n5041o"
"NCodeItem","n1144o"
"NCodeItem","n2046k"
"NCodeItem","n3900n"
"NCodeItem","n3931l"
"NCodeItem","n5420cq"
"NCodeItem","n6106cb"
"NCodeItem","n0418cb"
"NCodeItem","n7160ca"
"NCodeItem","n8411bz"
"NCodeItem","n6600bz"
"NCodeItem","n3861bz"
"NCodeItem","n0205bz"
"NCodeItem","n6924v"
"NCodeItem","n3312t"
"NCodeItem","n3264p"
"NCodeItem","n8185m"
"NCodeItem","n8870l"
"NCodeItem","n2116l"
"NCodeItem","n4526k"
"NCodeItem","n3095i"
"NCodeItem","n0863h"
"NCodeItem","n7785f"
"NCodeItem","n9511c"
"NCodeItem","n3250f"
"NCodeItem","n9907et"
"NCodeItem","n1334en"
"NCodeItem","n1966en"
"NCodeItem","n5366em"
"NCodeItem","n6995el"
"NCodeItem","n6994el"
"NCodeItem","n7133eg"
"NCodeItem","n9797eb"
"NCodeItem","n2648dt"
"NCodeItem","n7197dh"
"NCodeItem","n0408du"
"NCodeItem","n8543ei"
"NCodeItem","n4036dz"
"NCodeItem","n3280eb"
"NCodeItem","n5065dp"
"NCodeItem","n4955do"
"NCodeItem","n0004dk"
"NCodeItem","n9061do"
"NCodeItem","n7370do"
"NCodeItem","n9995dj"
"NCodeItem","n3827cu"
"NCodeItem","n2758cf"
"NCodeItem","n4333ce"
"NCodeItem","n2127ce"
"NCodeItem","n0317ce"
"NCodeItem","n8921bs"
"NCodeItem","n1672bt"
"NCodeItem","n7514eq"
"NCodeItem","n7158eq"
"NCodeItem","n2109ck"
"NCodeItem","n1979ca"
"NCodeItem","n2614dp"
"NCodeItem","n5857ci"
"NCodeItem","n6109df"
"NCodeItem","n4394df"
"NCodeItem","n2113df"
"NCodeItem","n1467cd"
"NCodeItem","n8925ci"
"NCodeItem","n4014cd"
"NCodeItem","n8093cc"
"NCodeItem","n5211cb"
"NCodeItem","n5132bn"
"NCodeItem","n4027bm"
"NCodeItem","n2436g"
"NCodeItem","n8760ck"
"NCodeItem","n6859ei"
"NCodeItem","n1420dr"
"NCodeItem","n4908cy"
"NCodeItem","n9297bs"
"NCodeItem","n4768bm"
"NCodeItem","n5079z"
"NCodeItem","n7674cu"
"NCodeItem","n3154eo"
"NCodeItem","n2560ei"
"NCodeItem","n8400dw"
"NCodeItem","n1634dx"
"NCodeItem","n9362y"
"NCodeItem","n0148bw"
"NCodeItem","n0801r"
"NCodeItem","n0586r"
"NCodeItem","n0173r"
"NCodeItem","n4006bk"
"NCodeItem","n9894bs"
"NCodeItem","n1116bn"
"NCodeItem","n6202bh"
"NCodeItem","n6409bd"
"NCodeItem","n5999bc"
"NCodeItem","n3397bc"
"NCodeItem","n9702k"
"NCodeItem","n9297h"
"NCodeItem","n5296h"
"NCodeItem","n8775g"
"NCodeItem","n8761g"
"NCodeItem","n8738g"
"NCodeItem","n8726g"
"NCodeItem","n1023bf"
"NCodeItem","n4066cd"
"NCodeItem","n2791ca"
"NCodeItem","n8062ce"
"NCodeItem","n1201bg"
"NCodeItem","n4361bf"
"NCodeItem","n1702bf"
"NCodeItem","n1042bf"
"NCodeItem","n1040bf"
"NCodeItem","n1034bf"
"NCodeItem","n9591c"
"NCodeItem","n5554dv"
"NCodeItem","n9294cw"
"NCodeItem","n7871dc"
"NCodeItem","n5491cq"
"NCodeItem","n9787cw"
"NCodeItem","n9785cw"
"NCodeItem","n5600cr"
"NCodeItem","n8817bl"
"NCodeItem","n7631bh"
"NCodeItem","n7033bh"
"NCodeItem","n6514bh"
"NCodeItem","n4898bh"
"NCodeItem","n4062bh"
"NCodeItem","n4104bh"
"NCodeItem","n4102bh"
"NCodeItem","n7877du"
"NCodeItem","n0712dz"
"NCodeItem","n1949es"
"NCodeItem","n0212en"
"NCodeItem","n1665ek"
"NCodeItem","n6223ej"
"NCodeItem","n3740eg"
"NCodeItem","n3718ec"
"NCodeItem","n9943eb"
"NCodeItem","n9903ec"
"NCodeItem","n5551de"
"NCodeItem","n5190cx"
"NCodeItem","n9249bh"
"NCodeItem","n1240bm"
"NCodeItem","n6272ba"
"NCodeItem","n2670y"
"NCodeItem","n8032er"
"NCodeItem","n5338ed"
"NCodeItem","n6329ds"
"NCodeItem","n5300dx"
"NCodeItem","n0319dt"
"NCodeItem","n4794do"
"NCodeItem","n0616db"
"NCodeItem","n9803cz"
"NCodeItem","n3032cp"
"NCodeItem","n0988bn"
"NCodeItem","n9974bu"
"NCodeItem","n7298bp"
"NCodeItem","n3924bl"
"NCodeItem","n8525bk"
"NCodeItem","n9869be"
"NCodeItem","n5717c"
"NCodeItem","n7070n"
"NCodeItem","n3893s"
"NCodeItem","n0433i"
"NCodeItem","n6837h"
"NCodeItem","n0097f"
"NCodeItem","n5355e"
"NCodeItem","n9495a"
"NCodeItem","n2164c"
"NCodeItem","n3243b"
"NCodeItem","n3875dx"
"NCodeItem","n1384dw"
"NCodeItem","n3829dx"
"NCodeItem","n1725du"
"NCodeItem","n0017dp"
"NCodeItem","n6731cx"
"NCodeItem","n9091cb"
"NCodeItem","n9087cb"
"NCodeItem","n7113eh"
"NCodeItem","n0389ev"
"NCodeItem","n4830eu"
"NCodeItem","n7509ea"
"NCodeItem","n6327eb"
"NCodeItem","n5693eb"
"NCodeItem","n1699eb"
"NCodeItem","n5244dv"
"NCodeItem","n0198ea"
"NCodeItem","n8738dz"
"NCodeItem","n5020du"
"NCodeItem","n1256dq"
"NCodeItem","n8610dr"
"NCodeItem","n1911dp"
"NCodeItem","n6702dn"
"NCodeItem","n3868dm"
"NCodeItem","n8581dd"
"NCodeItem","n7124du"
"NCodeItem","n4947ds"
"NCodeItem","n2367di"
"NCodeItem","n0672dl"
"NCodeItem","n4759dj"
"NCodeItem","n4075di"
"NCodeItem","n2438dh"
"NCodeItem","n4499dc"
"NCodeItem","n1910db"
"NCodeItem","n9622et"
"NCodeItem","n0377es"
"NCodeItem","n2113ep"
"NCodeItem","n0775ep"
"NCodeItem","n3070ek"
"NCodeItem","n2377ek"
"NCodeItem","n6384ee"
"NCodeItem","n5760ee"
"NCodeItem","n1016ed"
"NCodeItem","n3677ea"
"NCodeItem","n2179dm"
"NCodeItem","n3344co"
"NCodeItem","n4879da"
"NCodeItem","n9473cz"
"NCodeItem","n9566cx"
"NCodeItem","n4501cv"
"NCodeItem","n0977ct"
"NCodeItem","n8240cs"
"NCodeItem","n3538cs"
"NCodeItem","n4274cm"
"NCodeItem","n2224dw"
"NCodeItem","n4976eh"
"NCodeItem","n6156dd"
"NCodeItem","n9522dv"
"NCodeItem","n7478dv"
"NCodeItem","n1619du"
"NCodeItem","n1248ds"
"NCodeItem","n0054dq"
"NCodeItem","n8382eo"
"NCodeItem","n2816da"
"NCodeItem","n8692da"
"NCodeItem","n8828eh"
"NCodeItem","n1966ea"
"NCodeItem","n1880ea"
"NCodeItem","n3833dp"
"NCodeItem","n5057df"
"NCodeItem","n3656de"
"NCodeItem","n3467ci"
"NCodeItem","n5736by"
"NCodeItem","n5478bm"
"NCodeItem","n2161bx"
"NCodeItem","n0306bj"
"NCodeItem","n1354bu"
"NCodeItem","n4787bu"
"NCodeItem","n7494bt"
"NCodeItem","n7064br"
"NCodeItem","n1714dw"
"NCodeItem","n0781ev"
"NCodeItem","n6238ep"
"NCodeItem","n9199ed"
"NCodeItem","n4499du"
"NCodeItem","n4266a"
"NCodeItem","n3242b"
"NCodeItem","n0797b"
"NCodeItem","n8566a"
"NCodeItem","n6600a"
"NCodeItem","n5243a"
"NCodeItem","n4893a"
"NCodeItem","n4763a"
"NCodeItem","n4505a"
"NCodeItem","n4309a"
"NCodeItem","n0320cc"
"NCodeItem","n3322cb"
"NCodeItem","n7084bv"
"NCodeItem","n3082bv"
"NCodeItem","n4230bu"
"NCodeItem","n9129bs"
"NCodeItem","n6243dj"
"NCodeItem","n0360cs"
"NCodeItem","n9971cc"
"NCodeItem","n9075bx"
"NCodeItem","n4015df"
"NCodeItem","n1520ci"
"NCodeItem","n6155bu"
"NCodeItem","n0546ch"
"NCodeItem","n0666cg"
"NCodeItem","n7291v"
"NCodeItem","n0309m"
"NCodeItem","n8183l"
"NCodeItem","n5370k"
"NCodeItem","n4872k"
"NCodeItem","n3384k"
"NCodeItem","n3208k"
"NCodeItem","n7067em"
"NCodeItem","n3541dt"
"NCodeItem","n8272dl"
"NCodeItem","n9320dh"
"NCodeItem","n3711dd"
"NCodeItem","n2943db"
"NCodeItem","n2950cx"
"NCodeItem","n1684cm"
"NCodeItem","n8258bx"
"NCodeItem","n6187bp"
"NCodeItem","n6536dz"
"NCodeItem","n1884dy"
"NCodeItem","n2658dv"
"NCodeItem","n5009do"
"NCodeItem","n4874di"
"NCodeItem","n0976cn"
"NCodeItem","n5942ef"
"NCodeItem","n4891du"
"NCodeItem","n9526da"
"NCodeItem","n8530cu"
"NCodeItem","n4715ct"
"NCodeItem","n6557cs"
"NCodeItem","n4172a"
"NCodeItem","n4159a"
"NCodeItem","n8552ce"
"NCodeItem","n9579cb"
"NCodeItem","n4437cb"
"NCodeItem","n7041ca"
"NCodeItem","n8690bw"
"NCodeItem","n6190bp"
"NCodeItem","n4344ee"
"NCodeItem","n8006do"
"NCodeItem","n8819ds"
"NCodeItem","n9111ef"
"NCodeItem","n7457ee"
"NCodeItem","n6628du"
"NCodeItem","n6580cy"
"NCodeItem","n0217cs"
"NCodeItem","n8664cp"
"NCodeItem","n9860cj"
"NCodeItem","n9559ch"
"NCodeItem","n7118bw"
"NCodeItem","n8672bt"
"NCodeItem","n5169bp"
"NCodeItem","n9930bg"
"NCodeItem","n8575ef"
"NCodeItem","n6510dn"
"NCodeItem","n7424dd"
"NCodeItem","n6473co"
"NCodeItem","n8447cc"
"NCodeItem","n2394cm"
"NCodeItem","n6872bv"
"NCodeItem","n0101bw"
"NCodeItem","n9058bv"
"NCodeItem","n9026bv"
"NCodeItem","n8947bv"
"NCodeItem","n8930bv"
"NCodeItem","n8790bv"
"NCodeItem","n8722bv"
"NCodeItem","n6368dh"
"NCodeItem","n8023de"
"NCodeItem","n5543co"
"NCodeItem","n4018cx"
"NCodeItem","n0880cx"
"NCodeItem","n1391cr"
"NCodeItem","n3734cu"
"NCodeItem","n8692cp"
"NCodeItem","n6075cp"
"NCodeItem","n5389cn"
"NCodeItem","n1074eq"
"NCodeItem","n4242ep"
"NCodeItem","n7750eo"
"NCodeItem","n7786en"
"NCodeItem","n6142en"
"NCodeItem","n7356el"
"NCodeItem","n5021el"
"NCodeItem","n2217el"
"NCodeItem","n8689ek"
"NCodeItem","n3799ek"
"NCodeItem","n2775eu"
"NCodeItem","n7683es"
"NCodeItem","n1592dq"
"NCodeItem","n3426dq"
"NCodeItem","n8793dt"
"NCodeItem","n9019ct"
"NCodeItem","n5134cj"
"NCodeItem","n3978ch"
"NCodeItem","n2721ch"
"NCodeItem","n8227by"
"NCodeItem","n1240bt"
"NCodeItem","n1163bt"
"NCodeItem","n4520bq"
"NCodeItem","n3625bq"
"NCodeItem","n6367bp"
"NCodeItem","n7181cr"
"NCodeItem","n1838dm"
"NCodeItem","n0684el"
"NCodeItem","n6377ed"
"NCodeItem","n6131dg"
"NCodeItem","n6589db"
"NCodeItem","n1422bo"
"NCodeItem","n6305bj"
"NCodeItem","n7148bi"
"NCodeItem","n6634bi"
"NCodeItem","n6741bg"
"NCodeItem","n5899bf"
"NCodeItem","n3390bf"
"NCodeItem","n1285bf"
"NCodeItem","n9047bb"
"NCodeItem","n9325ch"
"NCodeItem","n8367bv"
"NCodeItem","n3993bv"
"NCodeItem","n3805bk"
"NCodeItem","n5600bq"
"NCodeItem","n3181bk"
"NCodeItem","n1989bk"
"NCodeItem","n1721bk"
"NCodeItem","n1492bk"
"NCodeItem","n1478bk"
"NCodeItem","n8566eq"
"NCodeItem","n5978dv"
"NCodeItem","n3607ec"
"NCodeItem","n1328du"
"NCodeItem","n1505ds"
"NCodeItem","n8112dk"
"NCodeItem","n1312ds"
"NCodeItem","n0529dp"
"NCodeItem","n4192do"
"NCodeItem","n1263ek"
"NCodeItem","n7355ei"
"NCodeItem","n9558bq"
"NCodeItem","n2246dj"
"NCodeItem","n4794dy"
"NCodeItem","n7651du"
"NCodeItem","n3758di"
"NCodeItem","n6306ba"
"NCodeItem","n8305bz"
"NCodeItem","n9136cc"
"NCodeItem","n3602bn"
"NCodeItem","n0337bu"
"NCodeItem","n5021bi"
"NCodeItem","n6356bm"
"NCodeItem","n1464bc"
"NCodeItem","n1231ba"
"NCodeItem","n6946t"
"NCodeItem","n9365df"
"NCodeItem","n2040dh"
"NCodeItem","n7682db"
"NCodeItem","n9764da"
"NCodeItem","n9488da"
"NCodeItem","n8797da"
"NCodeItem","n8653da"
"NCodeItem","n3904cv"
"NCodeItem","n3835cu"
"NCodeItem","n8462ct"
"NCodeItem","n7814bo"
"NCodeItem","n1967bp"
"NCodeItem","n9414bo"
"NCodeItem","n8199bo"
"NCodeItem","n7514bo"
"NCodeItem","n6839bo"
"NCodeItem","n9472bm"
"NCodeItem","n6659dm"
"NCodeItem","n3349dm"
"NCodeItem","n1760dh"
"NCodeItem","n0710dg"
"NCodeItem","n1607dc"
"NCodeItem","n3019bk"
"NCodeItem","n8194co"
"NCodeItem","n7395bk"
"NCodeItem","n6717dz"
"NCodeItem","n2870er"
"NCodeItem","n5901ee"
"NCodeItem","n4441eu"
"NCodeItem","n2025eu"
"NCodeItem","n9172et"
"NCodeItem","n4201es"
"NCodeItem","n8740dz"
"NCodeItem","n7204eq"
"NCodeItem","n5155eq"
"NCodeItem","n6064bb"
"NCodeItem","n2411r"
"NCodeItem","n8513y"
"NCodeItem","n2186r"
"NCodeItem","n1357r"
"NCodeItem","n8651q"
"NCodeItem","n8401ce"
"NCodeItem","n8230cb"
"NCodeItem","n9473cb"
"NCodeItem","n3505cb"
"NCodeItem","n1993bv"
"NCodeItem","n4103by"
"NCodeItem","n1474ev"
"NCodeItem","n1149cl"
"NCodeItem","n5586cf"
"NCodeItem","n3015ci"
"NCodeItem","n3064cd"
"NCodeItem","n9092cb"
"NCodeItem","n8027bz"
"NCodeItem","n4227bp"
"NCodeItem","n1355er"
"NCodeItem","n9498ep"
"NCodeItem","n7458ef"
"NCodeItem","n0705eg"
"NCodeItem","n4700ds"
"NCodeItem","n5324dr"
"NCodeItem","n6077dp"
"NCodeItem","n7652es"
"NCodeItem","n1394cd"
"NCodeItem","n6528es"
"NCodeItem","n9709dd"
"NCodeItem","n7359dd"
"NCodeItem","n9903cb"
"NCodeItem","n1722ce"
"NCodeItem","n0479ce"
"NCodeItem","n1100cc"
"NCodeItem","n9738cb"
"NCodeItem","n8612bq"
"NCodeItem","n5010bf"
"NCodeItem","n4799ba"
"NCodeItem","n7070ci"
"NCodeItem","n2668dm"
"NCodeItem","n6918cm"
"NCodeItem","n5823cm"
"NCodeItem","n4096ce"
"NCodeItem","n8310cl"
"NCodeItem","n7341cg"
"NCodeItem","n2246cp"
"NCodeItem","n2243cp"
"NCodeItem","n8103ef"
"NCodeItem","n3502dv"
"NCodeItem","n5288ec"
"NCodeItem","n4984dg"
"NCodeItem","n0225dg"
"NCodeItem","n1828de"
"NCodeItem","n8024dc"
"NCodeItem","n6057cj"
"NCodeItem","n9764en"
"NCodeItem","n6669el"
"NCodeItem","n0299eh"
"NCodeItem","n3926el"
"NCodeItem","n8247ej"
"NCodeItem","n6482eg"
"NCodeItem","n4236eg"
"NCodeItem","n0125eg"
"NCodeItem","n2938ef"
"NCodeItem","n6015ed"
"NCodeItem","n6051eu"
"NCodeItem","n7404eu"
"NCodeItem","n2150ej"
"NCodeItem","n3814en"
"NCodeItem","n4484el"
"NCodeItem","n6724el"
"NCodeItem","n0543es"
"NCodeItem","n3791es"
"NCodeItem","n7495em"
"NCodeItem","n0395eq"
"NCodeItem","n5089eo"
"NCodeItem","n7039el"
"NCodeItem","n3679el"
"NCodeItem","n7202ea"
"NCodeItem","n4977db"
"NCodeItem","n0596ev"
"NCodeItem","n0681cw"
"NCodeItem","n8673eh"
"NCodeItem","n9754em"
"NCodeItem","n0566ei"
"NCodeItem","n2864eh"
"NCodeItem","n0790eb"
"NCodeItem","n9481df"
"NCodeItem","n9079cb"
"NCodeItem","n7244dk"
"NCodeItem","n7080cn"
"NCodeItem","n6656dp"
"NCodeItem","n9792ds"
"NCodeItem","n4359ds"
"NCodeItem","n5541dr"
"NCodeItem","n4275dr"
"NCodeItem","n4133dr"
"NCodeItem","n6978dp"
"NCodeItem","n1647do"
"NCodeItem","n0297dk"
"NCodeItem","n0907dd"
"NCodeItem","n9463cy"
"NCodeItem","n4103db"
"NCodeItem","n9176cv"
"NCodeItem","n0748cv"
"NCodeItem","n7502cu"
"NCodeItem","n7680cs"
"NCodeItem","n6849cs"
"NCodeItem","n3310cs"
"NCodeItem","n6610eb"
"NCodeItem","n3401ba"
"NCodeItem","n8414u"
"NCodeItem","n5833bx"
"NCodeItem","n5475bv"
"NCodeItem","n8440u"
"NCodeItem","n0491ec"
"NCodeItem","n3260eb"
"NCodeItem","n5780ea"
"NCodeItem","n0569dz"
"NCodeItem","n1911ea"
"NCodeItem","n5807dz"
"NCodeItem","n2653dz"
"NCodeItem","n2213dz"
"NCodeItem","n1666dz"
"NCodeItem","n1067dz"
"NCodeItem","n1516et"
"NCodeItem","n1083ev"
"NCodeItem","n4696eu"
"NCodeItem","n7914et"
"NCodeItem","n2699et"
"NCodeItem","n1508et"
"NCodeItem","n3899es"
"NCodeItem","n4518em"
"NCodeItem","n3247eq"
"NCodeItem","n5987eq"
"NCodeItem","n4135i"
"NCodeItem","n5116bn"
"NCodeItem","n5210u"
"NCodeItem","n0272k"
"NCodeItem","n4137i"
"NCodeItem","n9237er"
"NCodeItem","n3384do"
"NCodeItem","n5083cy"
"NCodeItem","n7896da"
"NCodeItem","n9066cq"
"NCodeItem","n6452cu"
"NCodeItem","n0487cr"
"NCodeItem","n3115du"
"NCodeItem","n1415dk"
"NCodeItem","n9769dh"
"NCodeItem","n4996de"
"NCodeItem","n4356cw"
"NCodeItem","n6796da"
"NCodeItem","n0261da"
"NCodeItem","n9091cz"
"NCodeItem","n1142cz"
"NCodeItem","n8784cv"
"NCodeItem","n3311db"
"NCodeItem","n6426ep"
"NCodeItem","n4308en"
"NCodeItem","n3114ek"
"NCodeItem","n0100ej"
"NCodeItem","n1728cr"
"NCodeItem","n1043cv"
"NCodeItem","n3167ea"
"NCodeItem","n9480do"
"NCodeItem","n7164do"
"NCodeItem","n2667dn"
"NCodeItem","n8306dm"
"NCodeItem","n4981cz"
"NCodeItem","n4816cz"
"NCodeItem","n9772ek"
"NCodeItem","n6683eh"
"NCodeItem","n3557ef"
"NCodeItem","n3543ef"
"NCodeItem","n4014bg"
"NCodeItem","n1421dt"
"NCodeItem","n1402dt"
"NCodeItem","n8764ds"
"NCodeItem","n8759ds"
"NCodeItem","n8750ds"
"NCodeItem","n5065dn"
"NCodeItem","n3736dn"
"NCodeItem","n8281dm"
"NCodeItem","n8167dm"
"NCodeItem","n7897dm"
"NCodeItem","n7454dm"
"NCodeItem","n7227dm"
"NCodeItem","n1652cx"
"NCodeItem","n7756cu"
"NCodeItem","n1156co"
"NCodeItem","n4975ei"
"NCodeItem","n3287ed"
"NCodeItem","n2418dy"
"NCodeItem","n2482dx"
"NCodeItem","n5404dq"
"NCodeItem","n2142dr"
"NCodeItem","n1515dr"
"NCodeItem","n4960dn"
"NCodeItem","n8493df"
"NCodeItem","n3858cn"
"NCodeItem","n6220cq"
"NCodeItem","n2154cr"
"NCodeItem","n0514cr"
"NCodeItem","n7806cp"
"NCodeItem","n9463bv"
"NCodeItem","n7309bv"
"NCodeItem","n2010bv"
"NCodeItem","n0832bv"
"NCodeItem","n9913bu"
"NCodeItem","n8644bu"
"NCodeItem","n8320bu"
"NCodeItem","n0733dz"
"NCodeItem","n9906dy"
"NCodeItem","n9233dy"
"NCodeItem","n3572eq"
"NCodeItem","n0471eq"
"NCodeItem","n0150eq"
"NCodeItem","n6643eo"
"NCodeItem","n3022ep"
"NCodeItem","n3016ep"
"NCodeItem","n0969eo"
"NCodeItem","n3167em"
"NCodeItem","n0315em"
"NCodeItem","n9710ek"
"NCodeItem","n6466et"
"NCodeItem","n4768eb"
"NCodeItem","n4782eb"
"NCodeItem","n4776eb"
"NCodeItem","n4228eu"
"NCodeItem","n7462er"
"NCodeItem","n0025dw"
"NCodeItem","n8091dy"
"NCodeItem","n9697ei"
"NCodeItem","n4705eh"
"NCodeItem","n0137da"
"NCodeItem","n3220eb"
"NCodeItem","n1945dt"
"NCodeItem","n6292do"
"NCodeItem","n7912da"
"NCodeItem","n7846cw"
"NCodeItem","n0610ca"
"NCodeItem","n6173cl"
"NCodeItem","n8514ct"
"NCodeItem","n9451bz"
"NCodeItem","n3208cu"
"NCodeItem","n5586cu"
"NCodeItem","n2807cu"
"NCodeItem","n2790cu"
"NCodeItem","n1949cu"
"NCodeItem","n1126cu"
"NCodeItem","n8407ct"
"NCodeItem","n7336ct"
"NCodeItem","n3739cl"
"NCodeItem","n4314cf"
"NCodeItem","n2061cd"
"NCodeItem","n3517cc"
"NCodeItem","n0982cc"
"NCodeItem","n8746ds"
"NCodeItem","n8739ds"
"NCodeItem","n2877dk"
"NCodeItem","n8712ds"
"NCodeItem","n8831dp"
"NCodeItem","n8827dp"
"NCodeItem","n8659da"
"NCodeItem","n8078cz"
"NCodeItem","n2938cv"
"NCodeItem","n9877cu"
"NCodeItem","n3704cd"
"NCodeItem","n1357ev"
"NCodeItem","n5973dq"
"NCodeItem","n9644dn"
"NCodeItem","n4440dm"
"NCodeItem","n0606dm"
"NCodeItem","n4951dl"
"NCodeItem","n4609dh"
"NCodeItem","n7527dd"
"NCodeItem","n0977dd"
"NCodeItem","n9429cx"
"NCodeItem","n3796ek"
"NCodeItem","n1235ej"
"NCodeItem","n6122ei"
"NCodeItem","n3241ei"
"NCodeItem","n1434ei"
"NCodeItem","n2540ei"
"NCodeItem","n4468eh"
"NCodeItem","n8816eg"
"NCodeItem","n6686ef"
"NCodeItem","n3274ef"
"NCodeItem","n2043ed"
"NCodeItem","n4792dy"
"NCodeItem","n0827dz"
"NCodeItem","n1601dz"
"NCodeItem","n1188dz"
"NCodeItem","n1422du"
"NCodeItem","n3297dv"
"NCodeItem","n2404dt"
"NCodeItem","n4687ds"
"NCodeItem","n8856dp"
"NCodeItem","n6435dl"
"NCodeItem","n7024en"
"NCodeItem","n3680eb"
"NCodeItem","n7031dj"
"NCodeItem","n2067dw"
"NCodeItem","n7700de"
"NCodeItem","n6385cn"
"NCodeItem","n1530cj"
"NCodeItem","n7439x"
"NCodeItem","n1401m"
"NCodeItem","n2464k"
"NCodeItem","n1312j"
"NCodeItem","n0849h"
"NCodeItem","n5336f"
"NCodeItem","n2909e"
"NCodeItem","n8089d"
"NCodeItem","n0861d"
"NCodeItem","n4426c"
"NCodeItem","n3904eb"
"NCodeItem","n9966em"
"NCodeItem","n4595eq"
"NCodeItem","n4009ed"
"NCodeItem","n7104dy"
"NCodeItem","n8597dz"
"NCodeItem","n3560dh"
"NCodeItem","n8458dn"
"NCodeItem","n3733dm"
"NCodeItem","n8267cy"
"NCodeItem","n8517r"
"NCodeItem","n9246v"
"NCodeItem","n6893q"
"NCodeItem","n7785s"
"NCodeItem","n0172s"
"NCodeItem","n7215q"
"NCodeItem","n6844q"
"NCodeItem","n1724q"
"NCodeItem","n9908ct"
"NCodeItem","n3777cr"
"NCodeItem","n2036cp"
"NCodeItem","n3929cn"
"NCodeItem","n8919cm"
"NCodeItem","n9436cg"
"NCodeItem","n8902cg"
"NCodeItem","n8739cg"
"NCodeItem","n8274cg"
"NCodeItem","n7844cg"
"NCodeItem","n0124dv"
"NCodeItem","n1160ep"
"NCodeItem","n7789dv"
"NCodeItem","n8866dv"
"NCodeItem","n2181dx"
"NCodeItem","n5847dt"
"NCodeItem","n0572dv"
"NCodeItem","n9850du"
"NCodeItem","n5173ev"
"NCodeItem","n1788ev"
"NCodeItem","n0763ev"
"NCodeItem","n1460er"
"NCodeItem","n1274ea"
"NCodeItem","n1859ej"
"NCodeItem","n8883ei"
"NCodeItem","n1584dg"
"NCodeItem","n4370ee"
"NCodeItem","n5460eb"
"NCodeItem","n9405cx"
"NCodeItem","n7958ei"
"NCodeItem","n5455dq"
"NCodeItem","n6196ec"
"NCodeItem","n1049ei"
"NCodeItem","n5568dz"
"NCodeItem","n4786ei"
"NCodeItem","n9977dm"
"NCodeItem","n0195dk"
"NCodeItem","n6453dk"
"NCodeItem","n4703dk"
"NCodeItem","n6975dj"
"NCodeItem","n5121di"
"NCodeItem","n7785ee"
"NCodeItem","n1682ee"
"NCodeItem","n9539ed"
"NCodeItem","n6062ed"
"NCodeItem","n7673ds"
"NCodeItem","n5298ec"
"NCodeItem","n0467ec"
"NCodeItem","n5447eb"
"NCodeItem","n6962ea"
"NCodeItem","n9902dz"
"NCodeItem","n1696dp"
"NCodeItem","n4526do"
"NCodeItem","n6966dn"
"NCodeItem","n4757dm"
"NCodeItem","n4332dm"
"NCodeItem","n3084dm"
"NCodeItem","n1062dl"
"NCodeItem","n4921dl"
"NCodeItem","n1074dl"
"NCodeItem","n7869dj"
"NCodeItem","n1845ep"
"NCodeItem","n5821eo"
"NCodeItem","n5940do"
"NCodeItem","n1999eb"
"NCodeItem","n0911dm"
"NCodeItem","n9401dl"
"NCodeItem","n5042cz"
"NCodeItem","n1260cy"
"NCodeItem","n7369cv"
"NCodeItem","n8074cs"
"NCodeItem","n8708dp"
"NCodeItem","n0516cj"
"NCodeItem","n0080cj"
"NCodeItem","n2991cd"
"NCodeItem","n2661cd"
"NCodeItem","n1330cb"
"NCodeItem","n6186bl"
"NCodeItem","n8936bu"
"NCodeItem","n5596bs"
"NCodeItem","n2136bj"
"NCodeItem","n0620ei"
"NCodeItem","n3051eh"
"NCodeItem","n6415do"
"NCodeItem","n5255ea"
"NCodeItem","n1215dz"
"NCodeItem","n1603dv"
"NCodeItem","n9579ds"
"NCodeItem","n4780cd"
"NCodeItem","n7800v"
"NCodeItem","n6574bs"
"NCodeItem","n3208bu"
"NCodeItem","n3187bu"
"NCodeItem","n3192bu"
"NCodeItem","n8548bq"
"NCodeItem","n0797bz"
"NCodeItem","n0898by"
"NCodeItem","n4038bg"
"NCodeItem","n0689eo"
"NCodeItem","n8167eu"
"NCodeItem","n9881er"
"NCodeItem","n4744eq"
"NCodeItem","n9945eo"
"NCodeItem","n5004ea"
"NCodeItem","n1867do"
"NCodeItem","n9576dk"
"NCodeItem","n5374dx"
"NCodeItem","n1357dx"
"NCodeItem","n9147df"
"NCodeItem","n6563dj"
"NCodeItem","n5762do"
"NCodeItem","n8682de"
"NCodeItem","n2274dm"
"NCodeItem","n3467dm"
"NCodeItem","n9471dl"
"NCodeItem","n3847dh"
"NCodeItem","n8339dd"
"NCodeItem","n8738db"
"NCodeItem","n0171db"
"NCodeItem","n0366cw"
"NCodeItem","n2605cl"
"NCodeItem","n1129bs"
"NCodeItem","n2191ch"
"NCodeItem","n5159dz"
"NCodeItem","n1959dt"
"NCodeItem","n4670dy"
"NCodeItem","n4892dx"
"NCodeItem","n8780dw"
"NCodeItem","n5576dw"
"NCodeItem","n1673dw"
"NCodeItem","n4512dv"
"NCodeItem","n3524dv"
"NCodeItem","n8217du"
"NCodeItem","n3748di"
"NCodeItem","n3557di"
"NCodeItem","n3470dh"
"NCodeItem","n8540df"
"NCodeItem","n1587df"
"NCodeItem","n9078dc"
"NCodeItem","n2424cz"
"NCodeItem","n1784db"
"NCodeItem","n2387cz"
"NCodeItem","n1314cy"
"NCodeItem","n9938j"
"NCodeItem","n5279m"
"NCodeItem","n4790j"
"NCodeItem","n6974i"
"NCodeItem","n1375j"
"NCodeItem","n0590j"
"NCodeItem","n9202h"
"NCodeItem","n3339co"
"NCodeItem","n0013cn"
"NCodeItem","n4372cm"
"NCodeItem","n2542cm"
"NCodeItem","n2170bl"
"NCodeItem","n0967em"
"NCodeItem","n7522db"
"NCodeItem","n0842bv"
"NCodeItem","n6386bk"
"NCodeItem","n8761bg"
"NCodeItem","n1070bf"
"NCodeItem","n2104bh"
"NCodeItem","n1745bg"
"NCodeItem","n4742bg"
"NCodeItem","n8427bf"
"NCodeItem","n7446bn"
"NCodeItem","n8798bq"
"NCodeItem","n7466bt"
"NCodeItem","n8998v"
"NCodeItem","n7206bs"
"NCodeItem","n6585bs"
"NCodeItem","n3858v"
"NCodeItem","n3956br"
"NCodeItem","n8575bq"
"NCodeItem","n9821bp"
"NCodeItem","n6208du"
"NCodeItem","n4960df"
"NCodeItem","n9786cs"
"NCodeItem","n9889ch"
"NCodeItem","n7622cr"
"NCodeItem","n7863cn"
"NCodeItem","n2953cl"
"NCodeItem","n8288dh"
"NCodeItem","n6847dh"
"NCodeItem","n2032dh"
"NCodeItem","n5761dd"
"NCodeItem","n0103d"
"NCodeItem","n4831b"
"NCodeItem","n4788b"
"NCodeItem","n4761b"
"NCodeItem","n4738b"
"NCodeItem","n4716b"
"NCodeItem","n4677b"
"NCodeItem","n7945eq"
"NCodeItem","n0050eo"
"NCodeItem","n2484el"
"NCodeItem","n3452dy"
"NCodeItem","n1833dy"
"NCodeItem","n1826dq"
"NCodeItem","n0426cg"
"NCodeItem","n5169ce"
"NCodeItem","n3955ce"
"NCodeItem","n3577ce"
"NCodeItem","n3242ce"
"NCodeItem","n8507cc"
"NCodeItem","n7411cc"
"NCodeItem","n1953ca"
"NCodeItem","n3076bz"
"NCodeItem","n3170bw"
"NCodeItem","n4837el"
"NCodeItem","n1272ej"
"NCodeItem","n8737dl"
"NCodeItem","n0150dz"
"NCodeItem","n2494dq"
"NCodeItem","n0055dq"
"NCodeItem","n1663eh"
"NCodeItem","n4774cv"
"NCodeItem","n5347di"
"NCodeItem","n3536dg"
"NCodeItem","n9946ct"
"NCodeItem","n5641ee"
"NCodeItem","n5197dy"
"NCodeItem","n6196df"
"NCodeItem","n2050dq"
"NCodeItem","n4491cl"
"NCodeItem","n2859bs"
"NCodeItem","n6729v"
"NCodeItem","n5842bn"
"NCodeItem","n5840bn"
"NCodeItem","n5655bn"
"NCodeItem","n0589p"
"NCodeItem","n9424r"
"NCodeItem","n6861q"
"NCodeItem","n0767p"
"NCodeItem","n8491bp"
"NCodeItem","n8322bp"
"NCodeItem","n5203bh"
"NCodeItem","n1547bl"
"NCodeItem","n2802bn"
"NCodeItem","n3320bn"
"NCodeItem","n0103bl"
"NCodeItem","n0076bj"
"NCodeItem","n9017bi"
"NCodeItem","n9820bf"
"NCodeItem","n3047eo"
"NCodeItem","n0601eg"
"NCodeItem","n1153eg"
"NCodeItem","n9610ef"
"NCodeItem","n7151cc"
"NCodeItem","n9993bj"
"NCodeItem","n8029by"
"NCodeItem","n4316bp"
"NCodeItem","n4998bk"
"NCodeItem","n5576bk"
"NCodeItem","n8688bu"
"NCodeItem","n8189bu"
"NCodeItem","n6025bu"
"NCodeItem","n4221bt"
"NCodeItem","n1457bs"
"NCodeItem","n8956br"
"NCodeItem","n2459dp"
"NCodeItem","n8680cf"
"NCodeItem","n6563cd"
"NCodeItem","n9607bi"
"NCodeItem","n3945cb"
"NCodeItem","n7321bh"
"NCodeItem","n0056bn"
"NCodeItem","n2622s"
"NCodeItem","n5915r"
"NCodeItem","n1410q"
"NCodeItem","n6963m"
"NCodeItem","n6967m"
"NCodeItem","n6968m"
"NCodeItem","n3950m"
"NCodeItem","n9925dq"
"NCodeItem","n2252eb"
"NCodeItem","n2377dz"
"NCodeItem","n6852t"
"NCodeItem","n7789de"
"NCodeItem","n7211cv"
"NCodeItem","n5818cw"
"NCodeItem","n4851bb"
"NCodeItem","n1416u"
"NCodeItem","n9181a"
"NCodeItem","n2755ev"
"NCodeItem","n8842eu"
"NCodeItem","n0196eu"
"NCodeItem","n6521et"
"NCodeItem","n6968es"
"NCodeItem","n1902eg"
"NCodeItem","n3333es"
"NCodeItem","n8053er"
"NCodeItem","n6307er"
"NCodeItem","n4655er"
"NCodeItem","n9799dc"
"NCodeItem","n9187da"
"NCodeItem","n1222er"
"NCodeItem","n0203eu"
"NCodeItem","n1919dx"
"NCodeItem","n5590eg"
"NCodeItem","n8678ed"
"NCodeItem","n3056dt"
"NCodeItem","n7122dl"
"NCodeItem","n9756n"
"NCodeItem","n6964n"
"NCodeItem","n7713l"
"NCodeItem","n0375p"
"NCodeItem","n5361r"
"NCodeItem","n0303p"
"NCodeItem","n4349m"
"NCodeItem","n5726m"
"NCodeItem","n5387l"
"NCodeItem","n1839l"
"NCodeItem","n0134l"
"NCodeItem","n5125bi"
"NCodeItem","n4532bi"
"NCodeItem","n4231bi"
"NCodeItem","n3992bi"
"NCodeItem","n3372bi"
"NCodeItem","n3716bi"
"NCodeItem","n2312bi"
"NCodeItem","n1634bi"
"NCodeItem","n9665bg"
"NCodeItem","n9652bg"
"NCodeItem","n7934dt"
"NCodeItem","n9079ed"
"NCodeItem","n7260dy"
"NCodeItem","n0643dx"
"NCodeItem","n7015du"
"NCodeItem","n6855dt"
"NCodeItem","n6376dt"
"NCodeItem","n5573bk"
"NCodeItem","n5570bk"
"NCodeItem","n5005bk"
"NCodeItem","n5003bk"
"NCodeItem","n5000bk"
"NCodeItem","n1966bk"
"NCodeItem","n1968bk"
"NCodeItem","n1962bk"
"NCodeItem","n1958bk"
"NCodeItem","n0649bk"
"NCodeItem","n7656dd"
"NCodeItem","n1648cx"
"NCodeItem","n4839cx"
"NCodeItem","n2012cx"
"NCodeItem","n6229cm"
"NCodeItem","n7144cu"
"NCodeItem","n0769cg"
"NCodeItem","n1196bt"
"NCodeItem","n4104bs"
"NCodeItem","n7717bo"
"NCodeItem","n5968br"
"NCodeItem","n9618bo"
"NCodeItem","n9351bn"
"NCodeItem","n6097bo"
"NCodeItem","n7404bn"
"NCodeItem","n4006ef"
"NCodeItem","n8494dg"
"NCodeItem","n6526cg"
"NCodeItem","n6569bj"
"NCodeItem","n8522bc"
"NCodeItem","n1050bj"
"NCodeItem","n0391be"
"NCodeItem","n4760bm"
"NCodeItem","n7126bm"
"NCodeItem","n2989v"
"NCodeItem","n1793l"
"NCodeItem","n0718l"
"NCodeItem","n0602k"
"NCodeItem","n5654j"
"NCodeItem","n2534g"
"NCodeItem","n8610f"
"NCodeItem","n2507c"
"NCodeItem","n2850er"
"NCodeItem","n1904eg"
"NCodeItem","n5073ds"
"NCodeItem","n8491bg"
"NCodeItem","n3884y"
"NCodeItem","n0531bg"
"NCodeItem","n8494bf"
"NCodeItem","n6708bf"
"NCodeItem","n9400be"
"NCodeItem","n6563be"
"NCodeItem","n4882be"
"NCodeItem","n2712be"
"NCodeItem","n1171z"
"NCodeItem","n0550bk"
"NCodeItem","n0539bk"
"NCodeItem","n9819bj"
"NCodeItem","n9816bj"
"NCodeItem","n5145bn"
"NCodeItem","n4536bn"
"NCodeItem","n4483bn"
"NCodeItem","n5468cb"
"NCodeItem","n1260cb"
"NCodeItem","n8889bm"
"NCodeItem","n6017bm"
"NCodeItem","n4539bm"
"NCodeItem","n5194bl"
"NCodeItem","n1924bl"
"NCodeItem","n9566bk"
"NCodeItem","n3387be"
"NCodeItem","n9129w"
"NCodeItem","n2138e"
"NCodeItem","n8206d"
"NCodeItem","n5863d"
"NCodeItem","n9811c"
"NCodeItem","n9306c"
"NCodeItem","n6483c"
"NCodeItem","n3294c"
"NCodeItem","n1781c"
"NCodeItem","n1511b"
"NCodeItem","n0638c"
"NCodeItem","n9128ep"
"NCodeItem","n9044dl"
"NCodeItem","n6375dv"
"NCodeItem","n6047du"
"NCodeItem","n0321db"
"NCodeItem","n6698do"
"NCodeItem","n5847cs"
"NCodeItem","n1294cs"
"NCodeItem","n1963cl"
"NCodeItem","n9643cr"
"NCodeItem","n9763ck"
"NCodeItem","n7010cm"
"NCodeItem","n6788cq"
"NCodeItem","n2573cm"
"NCodeItem","n0038cn"
"NCodeItem","n0693co"
"NCodeItem","n1093dd"
"NCodeItem","n4326de"
"NCodeItem","n1716df"
"NCodeItem","n6528de"
"NCodeItem","n2728cv"
"NCodeItem","n0279db"
"NCodeItem","n4645cx"
"NCodeItem","n8915da"
"NCodeItem","n4676cz"
"NCodeItem","n8214da"
"NCodeItem","n8431bh"
"NCodeItem","n9810bf"
"NCodeItem","n5670bd"
"NCodeItem","n1079bd"
"NCodeItem","n7203bc"
"NCodeItem","n9926bb"
"NCodeItem","n1887bb"
"NCodeItem","n8793ba"
"NCodeItem","n1908ba"
"NCodeItem","n9255y"
"NCodeItem","n5566d"
"NCodeItem","n0284d"
"NCodeItem","n5729c"
"NCodeItem","n6983c"
"NCodeItem","n5206c"
"NCodeItem","n2367c"
"NCodeItem","n5528dv"
"NCodeItem","n7921dm"
"NCodeItem","n0885du"
"NCodeItem","n0024dt"
"NCodeItem","n6474dq"
"NCodeItem","n3809do"
"NCodeItem","n6173ev"
"NCodeItem","n6999eh"
"NCodeItem","n4787di"
"NCodeItem","n8687ei"
"NCodeItem","n5838eh"
"NCodeItem","n6776ea"
"NCodeItem","n9935dz"
"NCodeItem","n8881dz"
"NCodeItem","n5909dz"
"NCodeItem","n1272dv"
"NCodeItem","n8022bd"
"NCodeItem","n0935bd"
"NCodeItem","n6815bc"
"NCodeItem","n4396bc"
"NCodeItem","n3945bc"
"NCodeItem","n4877bb"
"NCodeItem","n7822ba"
"NCodeItem","n2193bb"
"NCodeItem","n9321ba"
"NCodeItem","n7873ba"
"NCodeItem","n2255eq"
"NCodeItem","n0531dt"
"NCodeItem","n7808dk"
"NCodeItem","n9904cp"
"NCodeItem","n6793ch"
"NCodeItem","n8332cf"
"NCodeItem","n9708bo"
"NCodeItem","n4629bj"
"NCodeItem","n9727br"
"NCodeItem","n4987bk"
"NCodeItem","n3721bj"
"NCodeItem","n0604bi"
"NCodeItem","n8403bh"
"NCodeItem","n4457bh"
"NCodeItem","n3458x"
"NCodeItem","n4513cb"
"NCodeItem","n5159q"
"NCodeItem","n0113z"
"NCodeItem","n1851t"
"NCodeItem","n1018q"
"NCodeItem","n3926v"
"NCodeItem","n6579u"
"NCodeItem","n5723u"
"NCodeItem","n5096u"
"NCodeItem","n4165u"
"NCodeItem","n2361u"
"NCodeItem","n9584m"
"NCodeItem","n0646u"
"NCodeItem","n0206u"
"NCodeItem","n9086t"
"NCodeItem","n9050b"
"NCodeItem","n7105b"
"NCodeItem","n5834b"
"NCodeItem","n5484b"
"NCodeItem","n4500b"
"NCodeItem","n7008co"
"NCodeItem","n0069cm"
"NCodeItem","n7017ck"
"NCodeItem","n7596da"
"NCodeItem","n2096cx"
"NCodeItem","n2500cy"
"NCodeItem","n1702cx"
"NCodeItem","n0318cy"
"NCodeItem","n5693cx"
"NCodeItem","n3695cx"
"NCodeItem","n5442cw"
"NCodeItem","n5319cw"
"NCodeItem","n9684cv"
"NCodeItem","n7063ce"
"NCodeItem","n5298et"
"NCodeItem","n7264cb"
"NCodeItem","n9181eq"
"NCodeItem","n0352ep"
"NCodeItem","n3258eb"
"NCodeItem","n4834dm"
"NCodeItem","n6294de"
"NCodeItem","n3034de"
"NCodeItem","n7258dc"
"NCodeItem","n6533x"
"NCodeItem","n9824w"
"NCodeItem","n6824w"
"NCodeItem","n2197w"
"NCodeItem","n7128v"
"NCodeItem","n1830v"
"NCodeItem","n2012u"
"NCodeItem","n7147t"
"NCodeItem","n4178t"
"NCodeItem","n2117t"
"NCodeItem","n9042dt"
"NCodeItem","n3417du"
"NCodeItem","n8438dq"
"NCodeItem","n5943de"
"NCodeItem","n5795ba"
"NCodeItem","n5433ba"
"NCodeItem","n5275ba"
"NCodeItem","n3044ba"
"NCodeItem","n1900ba"
"NCodeItem","n9137w"
"NCodeItem","n5367w"
"NCodeItem","n4329w"
"NCodeItem","n3915w"
"NCodeItem","n3667w"
"NCodeItem","n9144dj"
"NCodeItem","n6398di"
"NCodeItem","n6000da"
"NCodeItem","n3989cv"
"NCodeItem","n6267ct"
"NCodeItem","n0922co"
"NCodeItem","n7371cr"
"NCodeItem","n5667cr"
"NCodeItem","n5370dn"
"NCodeItem","n1267dn"
"NCodeItem","n5257dl"
"NCodeItem","n8621df"
"NCodeItem","n6407cz"
"NCodeItem","n6021cv"
"NCodeItem","n2596cu"
"NCodeItem","n1253co"
"NCodeItem","n7794t"
"NCodeItem","n2364t"
"NCodeItem","n1914t"
"NCodeItem","n0828t"
"NCodeItem","n6704s"
"NCodeItem","n5901s"
"NCodeItem","n5693s"
"NCodeItem","n5162s"
"NCodeItem","n4686s"
"NCodeItem","n3485s"
"NCodeItem","n1162e"
"NCodeItem","n6942e"
"NCodeItem","n7638c"
"NCodeItem","n2189c"
"NCodeItem","n1788b"
"NCodeItem","n1700b"
"NCodeItem","n7740cv"
"NCodeItem","n2154cv"
"NCodeItem","n7271cu"
"NCodeItem","n4622cr"
"NCodeItem","n3384bz"
"NCodeItem","n4124ca"
"NCodeItem","n1840ca"
"NCodeItem","n8459bz"
"NCodeItem","n5949bz"
"NCodeItem","n3303da"
"NCodeItem","n4571cw"
"NCodeItem","n4349cw"
"NCodeItem","n2800cv"
"NCodeItem","n5932cp"
"NCodeItem","n9731co"
"NCodeItem","n4947co"
"NCodeItem","n1032cm"
"NCodeItem","n0255cl"
"NCodeItem","n5298ck"
"NCodeItem","n0633t"
"NCodeItem","n8348s"
"NCodeItem","n6381s"
"NCodeItem","n5878s"
"NCodeItem","n5785s"
"NCodeItem","n5476s"
"NCodeItem","n4871s"
"NCodeItem","n4663s"
"NCodeItem","n4234s"
"NCodeItem","n3887s"
"NCodeItem","n9091de"
"NCodeItem","n0122do"
"NCodeItem","n1536dh"
"NCodeItem","n3587dd"
"NCodeItem","n6894cx"
"NCodeItem","n1224cq"
"NCodeItem","n8289cn"
"NCodeItem","n6069cm"
"NCodeItem","n5868cl"
"NCodeItem","n2168cl"
"NCodeItem","n2444ch"
"NCodeItem","n7935do"
"NCodeItem","n7151bt"
"NCodeItem","n8838ci"
"NCodeItem","n8718cc"
"NCodeItem","n6216ca"
"NCodeItem","n1921bv"
"NCodeItem","n1281bv"
"NCodeItem","n5729bu"
"NCodeItem","n7621bs"
"NCodeItem","n3479w"
"NCodeItem","n8700v"
"NCodeItem","n8669v"
"NCodeItem","n8665v"
"NCodeItem","n8661v"
"NCodeItem","n8374v"
"NCodeItem","n8079v"
"NCodeItem","n8073v"
"NCodeItem","n7810v"
"NCodeItem","n7757v"
"NCodeItem","n3508p"
"NCodeItem","n0280r"
"NCodeItem","n8628q"
"NCodeItem","n7841q"
"NCodeItem","n7784o"
"NCodeItem","n0758p"
"NCodeItem","n2671o"
"NCodeItem","n1671n"
"NCodeItem","n6684n"
"NCodeItem","n8091g"
"NCodeItem","n2602u"
"NCodeItem","n5651t"
"NCodeItem","n8183s"
"NCodeItem","n4504h"
"NCodeItem","n5737n"
"NCodeItem","n3134q"
"NCodeItem","n4764h"
"NCodeItem","n5965h"
"NCodeItem","n0169n"
"NCodeItem","n6025ev"
"NCodeItem","n8685et"
"NCodeItem","n1307es"
"NCodeItem","n5000et"
"NCodeItem","n2602eo"
"NCodeItem","n4716er"
"NCodeItem","n9116en"
"NCodeItem","n2203en"
"NCodeItem","n0260en"
"NCodeItem","n9801em"
"NCodeItem","n3004s"
"NCodeItem","n2794s"
"NCodeItem","n2719p"
"NCodeItem","n6070o"
"NCodeItem","n5774o"
"NCodeItem","n5351o"
"NCodeItem","n4640o"
"NCodeItem","n4375o"
"NCodeItem","n4197o"
"NCodeItem","n3820o"
"NCodeItem","n4787dg"
"NCodeItem","n6888ej"
"NCodeItem","n3902ej"
"NCodeItem","n9102dw"
"NCodeItem","n9095dw"
"NCodeItem","n5794ev"
"NCodeItem","n5683ev"
"NCodeItem","n9255ei"
"NCodeItem","n2518dy"
"NCodeItem","n2382eo"
"NCodeItem","n2376eo"
"NCodeItem","n8083eh"
"NCodeItem","n9217dy"
"NCodeItem","n8925dy"
"NCodeItem","n6935dt"
"NCodeItem","n5193ck"
"NCodeItem","n5145ck"
"NCodeItem","n8794ci"
"NCodeItem","n8295ch"
"NCodeItem","n7920ch"
"NCodeItem","n3273ch"
"NCodeItem","n7391cg"
"NCodeItem","n4057cg"
"NCodeItem","n4055cg"
"NCodeItem","n3024cg"
"NCodeItem","n3575s"
"NCodeItem","n3257s"
"NCodeItem","n2823s"
"NCodeItem","n1274s"
"NCodeItem","n4359r"
"NCodeItem","n3933r"
"NCodeItem","n3681r"
"NCodeItem","n3214r"
"NCodeItem","n2998r"
"NCodeItem","n2691r"
"NCodeItem","n1083cl"
"NCodeItem","n3780ck"
"NCodeItem","n3955cj"
"NCodeItem","n9040ci"
"NCodeItem","n9734cg"
"NCodeItem","n6597cg"
"NCodeItem","n6502bx"
"NCodeItem","n6660by"
"NCodeItem","n3907by"
"NCodeItem","n8105bx"
"NCodeItem","n5593bq"
"NCodeItem","n6573eg"
"NCodeItem","n1187ec"
"NCodeItem","n8468dw"
"NCodeItem","n6373dw"
"NCodeItem","n9047dt"
"NCodeItem","n7685dt"
"NCodeItem","n7694v"
"NCodeItem","n7448v"
"NCodeItem","n7241v"
"NCodeItem","n7227v"
"NCodeItem","n6611v"
"NCodeItem","n6308v"
"NCodeItem","n6301v"
"NCodeItem","n5693v"
"NCodeItem","n5523v"
"NCodeItem","n5209v"
"NCodeItem","n0943eu"
"NCodeItem","n0949eu"
"NCodeItem","n7129et"
"NCodeItem","n1070er"
"NCodeItem","n5235ck"
"NCodeItem","n1228cn"
"NCodeItem","n4273eb"
"NCodeItem","n0967ei"
"NCodeItem","n0341dg"
"NCodeItem","n8806eq"
"NCodeItem","n1504o"
"NCodeItem","n5393g"
"NCodeItem","n9762g"
"NCodeItem","n8971g"
"NCodeItem","n7052g"
"NCodeItem","n0706h"
"NCodeItem","n9206g"
"NCodeItem","n7964g"
"NCodeItem","n6125g"
"NCodeItem","n0657dk"
"NCodeItem","n6085dp"
"NCodeItem","n1374do"
"NCodeItem","n1349do"
"NCodeItem","n0963do"
"NCodeItem","n0643dk"
"NCodeItem","n9448em"
"NCodeItem","n9296em"
"NCodeItem","n8766em"
"NCodeItem","n6373em"
"NCodeItem","n9569ek"
"NCodeItem","n2453eg"
"NCodeItem","n4011eg"
"NCodeItem","n3139eg"
"NCodeItem","n2129eg"
"NCodeItem","n6753dy"
"NCodeItem","n2398o"
"NCodeItem","n1486o"
"NCodeItem","n9959n"
"NCodeItem","n5015m"
"NCodeItem","n0080l"
"NCodeItem","n3511l"
"NCodeItem","n1962l"
"NCodeItem","n0764l"
"NCodeItem","n5738k"
"NCodeItem","n3147k"
"NCodeItem","n5619dt"
"NCodeItem","n4567dt"
"NCodeItem","n5798el"
"NCodeItem","n9718ek"
"NCodeItem","n9655ej"
"NCodeItem","n7180ej"
"NCodeItem","n4968ej"
"NCodeItem","n4689ej"
"NCodeItem","n9247ei"
"NCodeItem","n8889ei"
"NCodeItem","n7857ei"
"NCodeItem","n3204ei"
"NCodeItem","n1961cg"
"NCodeItem","n0749cg"
"NCodeItem","n1994cf"
"NCodeItem","n1990cf"
"NCodeItem","n1988cf"
"NCodeItem","n1986cf"
"NCodeItem","n1981cf"
"NCodeItem","n4020cd"
"NCodeItem","n2805cd"
"NCodeItem","n2679cd"
"NCodeItem","n2629r"
"NCodeItem","n7228bx"
"NCodeItem","n5518v"
"NCodeItem","n5386v"
"NCodeItem","n4524v"
"NCodeItem","n4517v"
"NCodeItem","n4836v"
"NCodeItem","n4515v"
"NCodeItem","n4520v"
"NCodeItem","n4507v"
"NCodeItem","n4209v"
"NCodeItem","n4203v"
"NCodeItem","n1237cd"
"NCodeItem","n4941cb"
"NCodeItem","n3989cb"
"NCodeItem","n3979cb"
"NCodeItem","n3976cb"
"NCodeItem","n9895ed"
"NCodeItem","n5711eb"
"NCodeItem","n4035cv"
"NCodeItem","n1736dg"
"NCodeItem","n6622cs"
"NCodeItem","n1072dx"
"NCodeItem","n8871cp"
"NCodeItem","n7240ei"
"NCodeItem","n6931eg"
"NCodeItem","n8004ef"
"NCodeItem","n8253dw"
"NCodeItem","n7839dw"
"NCodeItem","n7255dw"
"NCodeItem","n6613dw"
"NCodeItem","n6417dw"
"NCodeItem","n9604ds"
"NCodeItem","n0254du"
"NCodeItem","n2708k"
"NCodeItem","n2096k"
"NCodeItem","n1004k"
"NCodeItem","n0873k"
"NCodeItem","n0667k"
"NCodeItem","n0373k"
"NCodeItem","n1013j"
"NCodeItem","n6843h"
"NCodeItem","n5171f"
"NCodeItem","n0608h"
"NCodeItem","n6970er"
"NCodeItem","n3799em"
"NCodeItem","n0925dz"
"NCodeItem","n9997ed"
"NCodeItem","n9305ec"
"NCodeItem","n8359dy"
"NCodeItem","n5174dw"
"NCodeItem","n9775dk"
"NCodeItem","n0327dk"
"NCodeItem","n7048dk"
"NCodeItem","n2748dj"
"NCodeItem","n0152dh"
"NCodeItem","n1825dg"
"NCodeItem","n7443df"
"NCodeItem","n6400df"
"NCodeItem","n5782ei"
"NCodeItem","n5202ei"
"NCodeItem","n4694ei"
"NCodeItem","n2674cd"
"NCodeItem","n1045cc"
"NCodeItem","n3817cb"
"NCodeItem","n5990bs"
"NCodeItem","n5442ca"
"NCodeItem","n3971ca"
"NCodeItem","n8073bz"
"NCodeItem","n8016bz"
"NCodeItem","n7647bz"
"NCodeItem","n0250bz"
"NCodeItem","n1873el"
"NCodeItem","n2154dx"
"NCodeItem","n2076ec"
"NCodeItem","n9917ce"
"NCodeItem","n4394dr"
"NCodeItem","n4385dr"
"NCodeItem","n8936dj"
"NCodeItem","n4317di"
"NCodeItem","n4310di"
"NCodeItem","n6623db"
"NCodeItem","n3334br"
"NCodeItem","n9701bx"
"NCodeItem","n3432bw"
"NCodeItem","n2899bw"
"NCodeItem","n1257bu"
"NCodeItem","n4193v"
"NCodeItem","n3550v"
"NCodeItem","n3542v"
"NCodeItem","n3537v"
"NCodeItem","n3197v"
"NCodeItem","n3108v"
"NCodeItem","n0484eg"
"NCodeItem","n6853ef"
"NCodeItem","n0346ec"
"NCodeItem","n5632cu"
"NCodeItem","n8732ea"
"NCodeItem","n4585dz"
"NCodeItem","n2570dp"
"NCodeItem","n1562dr"
"NCodeItem","n2237dp"
"NCodeItem","n4598do"
"NCodeItem","n0637er"
"NCodeItem","n3442ep"
"NCodeItem","n0151ep"
"NCodeItem","n1647en"
"NCodeItem","n7510el"
"NCodeItem","n4054er"
"NCodeItem","n4051er"
"NCodeItem","n8073ep"
"NCodeItem","n6128eo"
"NCodeItem","n0672eo"
"NCodeItem","n1877en"
"NCodeItem","n3225el"
"NCodeItem","n1540el"
"NCodeItem","n9329ej"
"NCodeItem","n2777ek"
"NCodeItem","n8838f"
"NCodeItem","n2264dg"
"NCodeItem","n6637dg"
"NCodeItem","n8045et"
"NCodeItem","n5146ei"
"NCodeItem","n7724di"
"NCodeItem","n2693dv"
"NCodeItem","n8694ds"
"NCodeItem","n4868dr"
"NCodeItem","n3482dr"
"NCodeItem","n1574dr"
"NCodeItem","n5969dn"
"NCodeItem","n5968dn"
"NCodeItem","n8388by"
"NCodeItem","n6595by"
"NCodeItem","n3895by"
"NCodeItem","n1976by"
"NCodeItem","n1598by"
"NCodeItem","n1422by"
"NCodeItem","n0566by"
"NCodeItem","n9472bx"
"NCodeItem","n8721bx"
"NCodeItem","n8326bx"
"NCodeItem","n2294cj"
"NCodeItem","n5291ce"
"NCodeItem","n3640cd"
"NCodeItem","n9968br"
"NCodeItem","n1175bf"
"NCodeItem","n8834bd"
"NCodeItem","n6053br"
"NCodeItem","n9281bl"
"NCodeItem","n8957bk"
"NCodeItem","n3481bk"
"NCodeItem","n0968bk"
"NCodeItem","n4756bh"
"NCodeItem","n5642bf"
"NCodeItem","n1865be"
"NCodeItem","n1083bd"
"NCodeItem","n6253bb"
"NCodeItem","n8133cj"
"NCodeItem","n3238bi"
"NCodeItem","n8293e"
"NCodeItem","n0335d"
"NCodeItem","n0334d"
"NCodeItem","n0333d"
"NCodeItem","n0332d"
"NCodeItem","n0331d"
"NCodeItem","n0330d"
"NCodeItem","n0329d"
"NCodeItem","n0240d"
"NCodeItem","n9764do"
"NCodeItem","n9758do"
"NCodeItem","n8529do"
"NCodeItem","n8422do"
"NCodeItem","n8420do"
"NCodeItem","n8128do"
"NCodeItem","n7327do"
"NCodeItem","n7326do"
"NCodeItem","n6109do"
"NCodeItem","n4966do"
"NCodeItem","n2781ek"
"NCodeItem","n2739ee"
"NCodeItem","n4110eb"
"NCodeItem","n5577et"
"NCodeItem","n6641er"
"NCodeItem","n6919df"
"NCodeItem","n1015ei"
"NCodeItem","n2973dg"
"NCodeItem","n6711eb"
"NCodeItem","n5946eb"
"NCodeItem","n5369eb"
"NCodeItem","n4852eb"
"NCodeItem","n1107eb"
"NCodeItem","n0565eb"
"NCodeItem","n5606di"
"NCodeItem","n3020di"
"NCodeItem","n3452dh"
"NCodeItem","n1348da"
"NCodeItem","n0205dd"
"NCodeItem","n1863da"
"NCodeItem","n1481da"
"NCodeItem","n1051da"
"NCodeItem","n3870cv"
"NCodeItem","n6134cc"
"NCodeItem","n9714ek"
"NCodeItem","n8753ej"
"NCodeItem","n7822by"
"NCodeItem","n6979by"
"NCodeItem","n4544by"
"NCodeItem","n7318bx"
"NCodeItem","n7217bx"
"NCodeItem","n7215bx"
"NCodeItem","n6919bx"
"NCodeItem","n6906bx"
"NCodeItem","n6335bx"
"NCodeItem","n6198bx"
"NCodeItem","n5775bx"
"NCodeItem","n5374bx"
"NCodeItem","n4521bx"
"NCodeItem","n9473ba"
"NCodeItem","n7274y"
"NCodeItem","n3719y"
"NCodeItem","n1354v"
"NCodeItem","n5682u"
"NCodeItem","n0708u"
"NCodeItem","n9124t"
"NCodeItem","n8754t"
"NCodeItem","n7723t"
"NCodeItem","n7314t"
"NCodeItem","n2741q"
"NCodeItem","n1728s"
"NCodeItem","n9895r"
"NCodeItem","n9085r"
"NCodeItem","n8836r"
"NCodeItem","n7910r"
"NCodeItem","n7094r"
"NCodeItem","n7045r"
"NCodeItem","n6601r"
"NCodeItem","n1403r"
"NCodeItem","n1201bo"
"NCodeItem","n8121w"
"NCodeItem","n5556x"
"NCodeItem","n7343n"
"NCodeItem","n6141m"
"NCodeItem","n4425l"
"NCodeItem","n8849k"
"NCodeItem","n7474k"
"NCodeItem","n5193k"
"NCodeItem","n5168k"
"NCodeItem","n4965do"
"NCodeItem","n4595do"
"NCodeItem","n4462do"
"NCodeItem","n4036do"
"NCodeItem","n3004do"
"NCodeItem","n3000do"
"NCodeItem","n2279do"
"NCodeItem","n2095do"
"NCodeItem","n1731do"
"NCodeItem","n0589do"
"NCodeItem","n2918ch"
"NCodeItem","n8745dh"
"NCodeItem","n4614cd"
"NCodeItem","n7918bz"
"NCodeItem","n9703r"
"NCodeItem","n7826bu"
"NCodeItem","n6706bi"
"NCodeItem","n8583x"
"NCodeItem","n3903u"
"NCodeItem","n2092k"
"NCodeItem","n8713do"
"NCodeItem","n7351dp"
"NCodeItem","n5137ev"
"NCodeItem","n6733dp"
"NCodeItem","n1183ev"
"NCodeItem","n8525dk"
"NCodeItem","n3841ep"
"NCodeItem","n0061ej"
"NCodeItem","n8050ef"
"NCodeItem","n7445ec"
"NCodeItem","n5983da"
"NCodeItem","n6425da"
"NCodeItem","n5720da"
"NCodeItem","n4732da"
"NCodeItem","n5521da"
"NCodeItem","n3373da"
"NCodeItem","n4710da"
"NCodeItem","n4255da"
"NCodeItem","n4414da"
"NCodeItem","n3812da"
"NCodeItem","n2951cn"
"NCodeItem","n4634cv"
"NCodeItem","n1288cu"
"NCodeItem","n9652ct"
"NCodeItem","n9636ct"
"NCodeItem","n8693cn"
"NCodeItem","n2069cn"
"NCodeItem","n1706cn"
"NCodeItem","n6000cc"
"NCodeItem","n0923cd"
"NCodeItem","n3930bx"
"NCodeItem","n3714bx"
"NCodeItem","n3234bx"
"NCodeItem","n2147bx"
"NCodeItem","n1737bx"
"NCodeItem","n1039bx"
"NCodeItem","n9724bw"
"NCodeItem","n9313bw"
"NCodeItem","n8912bw"
"NCodeItem","n7559bw"
